,@@case_id_column,event:concept:name@Add penalty,event:concept:name@Appeal to Judge,event:concept:name@Create Fine,event:concept:name@Insert Date Appeal to Prefecture,event:concept:name@Insert Fine Notification,event:concept:name@Notify Result Appeal to Offender,event:concept:name@Payment,event:concept:name@Receive Result Appeal from Prefecture,event:concept:name@Send Appeal to Prefecture,event:concept:name@Send Fine,event:notificationType@C,event:notificationType@P,event:vehicleClass@A,event:vehicleClass@C,event:vehicleClass@M,event:dismissal@#,event:dismissal@C,event:dismissal@D,event:dismissal@NIL,event:article,event:totalPaymentAmount,event:points,event:expense,event:amount,@@caseDuration,@@num_occurrence_Payment,@@num_occurrence_Insert Date Appeal to Prefecture,@@num_occurrence_Notify Result Appeal to Offender,@@num_occurrence_Insert Fine Notification,@@num_occurrence_Send Appeal to Prefecture,@@num_occurrence_Add penalty,@@num_occurrence_Receive Result Appeal from Prefecture,@@num_occurrence_Create Fine,@@num_occurrence_Send Fine,@@num_occurrence_Appeal to Judge,Surprisingness,Effectiveness
8,A11065,1,0,1,1,1,0,0,0,1,1,0,1,1,0,0,0,0,0,1,157,0.0,0,13.0,74.0,148870800.0,0,1,0,1,0,1,0,1,1,0,1262033.4367899578,52248177771.89781
12,A11475,1,0,1,1,1,0,0,0,1,1,0,1,1,0,0,0,0,0,1,157,0.0,0,13.0,74.0,147574800.0,0,1,0,1,0,1,0,1,1,0,1262033.4367899578,52248177771.89781
16,A11587,1,0,1,1,1,0,0,0,1,1,0,1,1,0,0,0,0,0,1,157,0.0,0,13.0,74.0,147661200.0,0,1,0,1,0,1,0,1,1,0,1262033.4367899578,52248177771.89781
20,A11901,1,0,1,1,1,0,0,0,1,1,0,1,1,0,0,0,0,0,1,157,0.0,0,13.0,74.0,147574800.0,0,1,0,1,0,1,0,1,1,0,1262033.4367899578,52248177771.89781
33,A1280,1,0,1,1,1,0,0,0,1,1,0,1,1,0,0,0,0,0,1,157,0.0,0,11.0,71.5,169002000.0,0,1,0,1,0,1,0,1,1,0,1262033.4367899578,52248177771.89781
37,A131,1,0,1,1,1,0,0,0,1,1,0,1,1,0,0,1,0,0,1,157,0.0,0,16.6,71.5,36115200.0,0,1,0,1,0,1,0,1,1,0,1262033.4367899578,52248177771.89781
42,A13412,1,0,1,1,1,0,0,0,1,1,0,1,1,0,0,0,0,0,1,7,0.0,0,13.0,44.0,135824400.0,0,1,0,1,0,1,0,1,1,0,1262033.4367899578,52248177771.89781
47,A13648,1,0,1,1,1,0,0,0,1,1,0,1,1,0,0,0,0,0,1,157,0.0,0,13.0,74.0,142131600.0,0,1,0,1,0,1,0,1,1,0,1262033.4367899578,52248177771.89781
51,A14001,1,0,1,1,1,0,0,0,1,1,0,1,1,0,0,0,0,0,1,157,0.0,0,13.0,74.0,143600400.0,0,1,0,1,0,1,0,1,1,0,1262033.4367899578,52248177771.89781
52,A14156,1,0,1,1,1,0,0,0,1,1,0,1,1,0,0,0,0,0,1,157,0.0,0,13.0,74.0,142822800.0,0,1,0,1,0,1,0,1,1,0,1262033.4367899578,52248177771.89781
57,A14679,1,0,1,1,1,0,0,0,1,1,0,1,1,0,0,0,0,0,1,157,0.0,0,13.0,74.0,135219600.0,0,1,0,1,0,1,0,1,1,0,1262033.4367899578,52248177771.89781
65,A15991,1,0,1,1,1,0,0,0,1,1,0,1,1,0,0,0,0,0,1,157,0.0,0,13.0,74.0,141613200.0,0,1,0,1,0,1,0,1,1,0,1262033.4367899578,52248177771.89781
71,A16698,1,0,1,1,1,0,0,0,1,1,0,1,1,0,0,0,0,0,1,157,0.0,0,13.0,74.0,141440400.0,0,1,0,1,0,1,0,1,1,0,1262033.4367899578,52248177771.89781
75,A17354,1,0,1,1,1,0,0,0,1,1,0,1,1,0,0,0,0,0,1,157,0.0,0,13.0,74.0,140662800.0,0,1,0,1,0,1,0,1,1,0,1262033.4367899578,52248177771.89781
77,A17393,1,0,1,1,1,0,0,0,1,1,0,1,1,0,0,0,0,0,1,157,0.0,0,13.0,74.0,140058000.0,0,1,0,1,0,1,0,1,1,0,1262033.4367899578,52248177771.89781
82,A18052,1,0,1,1,1,0,0,0,1,1,0,1,1,0,0,0,0,0,1,157,0.0,0,13.0,74.0,138848400.0,0,1,0,1,0,1,0,1,1,0,1262033.4367899578,52248177771.89781
84,A18299,1,0,1,1,1,0,0,0,1,1,0,1,1,0,0,0,0,0,1,7,0.0,0,13.0,74.0,140403600.0,0,1,0,1,0,1,0,1,1,0,1262033.4367899578,52248177771.89781
86,A18455,1,0,1,1,1,0,0,0,1,1,0,1,1,0,0,0,0,0,1,157,0.0,0,13.0,74.0,140749200.0,0,1,0,1,0,1,0,1,1,0,1262033.4367899578,52248177771.89781
90,A18693,1,0,1,1,1,0,0,0,1,1,0,1,1,0,0,0,0,0,1,157,0.0,0,13.0,74.0,136861200.0,0,1,0,1,0,1,0,1,1,0,1262033.4367899578,52248177771.89781
112,A21010,1,0,1,1,1,0,0,0,1,1,0,1,1,0,0,0,0,0,1,157,0.0,0,13.0,74.0,137638800.0,0,1,0,1,0,1,0,1,1,0,1262033.4367899578,52248177771.89781
115,A21335,1,0,1,1,1,0,0,0,1,1,0,1,1,0,0,0,0,0,1,7,0.0,0,13.5,44.0,104720400.0,0,1,0,1,0,1,0,1,1,0,1262033.4367899578,52248177771.89781
116,A21555,1,0,1,1,1,0,0,0,1,1,0,1,1,0,0,0,0,0,1,157,0.0,0,13.0,74.0,137898000.0,0,1,0,1,0,1,0,1,1,0,1262033.4367899578,52248177771.89781
118,A21689,1,0,1,1,1,0,0,0,1,1,0,1,1,0,0,0,0,0,1,157,0.0,0,13.0,74.0,137206800.0,0,1,0,1,0,1,0,1,1,0,1262033.4367899578,52248177771.89781
119,A21847,1,0,1,1,1,0,0,0,1,1,0,1,1,0,0,0,0,0,1,7,0.0,0,13.0,44.0,138502800.0,0,1,0,1,0,1,0,1,1,0,1262033.4367899578,52248177771.89781
123,A22966,1,0,1,1,1,0,0,0,1,1,0,1,1,0,0,0,0,0,1,157,0.0,0,13.0,74.0,127094400.0,0,1,0,1,0,1,0,1,1,0,1262033.4367899578,52248177771.89781
130,A23976,1,0,1,1,1,0,0,0,1,1,0,1,1,0,0,0,0,0,1,157,0.0,0,13.0,74.0,130809600.0,0,1,0,1,0,1,0,1,1,0,1262033.4367899578,52248177771.89781
131,A24117,1,0,1,1,1,0,0,0,1,1,0,1,1,0,0,0,0,0,1,157,0.0,0,13.0,74.0,127008000.0,0,1,0,1,0,1,0,1,1,0,1262033.4367899578,52248177771.89781
135,A24365,1,0,1,1,1,0,0,0,1,1,0,1,1,0,0,0,0,0,1,157,0.0,0,13.0,74.0,122256000.0,0,1,0,1,0,1,0,1,1,0,1262033.4367899578,52248177771.89781
139,A25003,1,0,1,1,1,0,0,0,1,1,0,1,1,0,0,1,0,0,1,7,0.0,0,13.0,44.0,76460400.0,0,1,0,1,0,1,0,1,1,0,1262033.4367899578,52248177771.89781
151,A26735,1,0,1,1,1,0,0,0,1,1,0,1,1,0,0,0,0,0,1,157,0.0,0,18.6,74.0,121305600.0,0,1,0,1,0,1,0,1,1,0,1262033.4367899578,52248177771.89781
162,A28084,1,0,1,1,1,0,0,0,1,1,0,1,1,0,0,1,0,0,1,157,0.0,0,13.0,74.0,44755200.0,0,1,0,1,0,1,0,1,1,0,1262033.4367899578,52248177771.89781
165,A28154,1,0,1,1,1,0,0,0,1,1,0,1,1,0,0,1,0,0,1,157,0.0,0,13.0,74.0,45187200.0,0,1,0,1,0,1,0,1,1,0,1262033.4367899578,52248177771.89781
169,A28903,1,0,1,1,1,0,0,0,1,1,0,1,1,0,0,0,0,0,1,7,0.0,0,13.0,44.0,114742800.0,0,1,0,1,0,1,0,1,1,0,1262033.4367899578,52248177771.89781
175,A30119,1,0,1,1,1,0,0,0,1,1,0,1,1,0,0,0,0,0,1,7,0.0,0,13.0,44.0,113360400.0,0,1,0,1,0,1,0,1,1,0,1262033.4367899578,52248177771.89781
182,A31911,1,0,1,1,1,0,0,0,1,1,0,1,1,0,0,1,0,0,1,157,0.0,0,13.0,74.0,45622800.0,0,1,0,1,0,1,0,1,1,0,1262033.4367899578,52248177771.89781
183,A32164,1,0,1,1,1,0,0,0,1,1,0,1,1,0,0,0,0,0,1,157,0.0,0,13.0,74.0,111027600.0,0,1,0,1,0,1,0,1,1,0,1262033.4367899578,52248177771.89781
185,A32672,1,0,1,1,1,0,0,0,1,1,0,1,1,0,0,0,0,0,1,7,0.0,0,13.5,44.0,108003600.0,0,1,0,1,0,1,0,1,1,0,1262033.4367899578,52248177771.89781
188,A33297,1,0,1,1,1,0,0,0,1,1,0,1,1,0,0,0,0,0,1,157,0.0,0,13.5,74.0,108781200.0,0,1,0,1,0,1,0,1,1,0,1262033.4367899578,52248177771.89781
189,A33533,1,0,1,1,1,0,0,0,1,1,0,1,1,0,0,0,0,0,1,157,0.0,0,13.5,74.0,103424400.0,0,1,0,1,0,1,0,1,1,0,1262033.4367899578,52248177771.89781
192,A33922,1,0,1,1,1,0,0,0,1,1,0,1,1,0,0,0,0,0,1,157,0.0,0,13.5,74.0,106880400.0,0,1,0,1,0,1,0,1,1,0,1262033.4367899578,52248177771.89781
198,A34398,1,0,1,1,1,0,0,0,1,1,0,1,1,0,0,0,0,0,1,157,0.0,0,13.5,74.0,104547600.0,0,1,0,1,0,1,0,1,1,0,1262033.4367899578,52248177771.89781
199,A34487,1,0,1,1,1,0,0,0,1,1,0,1,1,0,0,0,0,0,1,157,0.0,0,13.5,74.0,106621200.0,0,1,0,1,0,1,0,1,1,0,1262033.4367899578,52248177771.89781
201,A34969,1,0,1,1,1,0,0,0,1,1,0,1,1,0,0,0,0,0,1,157,0.0,0,13.5,74.0,105584400.0,0,1,0,1,0,1,0,1,1,0,1262033.4367899578,52248177771.89781
205,A35784,1,0,1,1,1,0,0,0,1,1,0,1,1,0,0,0,0,0,1,7,0.0,0,13.5,46.0,84762000.0,0,1,0,1,0,1,0,1,1,0,1262033.4367899578,52248177771.89781
210,A36490,1,0,1,1,1,0,0,0,1,1,0,1,1,0,0,0,0,0,1,157,0.0,0,13.5,74.0,101696400.0,0,1,0,1,0,1,0,1,1,0,1262033.4367899578,52248177771.89781
213,A36811,1,0,1,1,1,0,0,0,1,1,0,1,1,0,0,0,0,0,1,157,0.0,0,13.5,74.0,94176000.0,0,1,0,1,0,1,0,1,1,0,1262033.4367899578,52248177771.89781
214,A37002,1,0,1,1,1,0,0,0,1,1,0,1,1,0,0,0,0,0,1,157,0.0,0,13.5,74.0,100141200.0,0,1,0,1,0,1,0,1,1,0,1262033.4367899578,52248177771.89781
219,A37537,1,0,1,1,1,0,0,0,1,1,0,1,1,0,0,0,0,0,1,157,0.0,0,0.0,74.0,98582400.0,0,1,0,1,0,1,0,1,1,0,1262033.4367899578,52248177771.89781
223,A38793,1,0,1,1,1,0,0,0,1,1,0,1,1,0,0,0,0,0,1,157,0.0,0,13.5,77.5,89769600.0,0,1,0,1,0,1,0,1,1,0,1262033.4367899578,52248177771.89781
228,A40854,1,0,1,1,1,0,0,0,1,1,0,1,1,0,0,0,0,0,1,7,0.0,0,13.5,46.0,86745600.0,0,1,0,1,0,1,0,1,1,0,1262033.4367899578,52248177771.89781
230,A41227,1,0,1,1,1,0,0,0,1,1,0,1,1,0,0,0,0,0,1,157,0.0,0,13.5,77.5,78109200.0,0,1,0,1,0,1,0,1,1,0,1262033.4367899578,52248177771.89781
231,A41435,1,0,1,1,1,0,0,0,1,1,0,1,1,0,0,0,0,0,1,7,0.0,0,13.5,46.0,84589200.0,0,1,0,1,0,1,0,1,1,0,1262033.4367899578,52248177771.89781
232,A41442,1,0,1,1,1,0,0,0,1,1,0,1,1,0,0,0,0,0,1,7,0.0,0,13.5,46.0,84157200.0,0,1,0,1,0,1,0,1,1,0,1262033.4367899578,52248177771.89781
239,A43079,1,0,1,1,1,0,0,0,1,1,0,1,1,0,0,0,0,0,1,157,0.0,0,13.5,77.5,79664400.0,0,1,0,1,0,1,0,1,1,0,1262033.4367899578,52248177771.89781
253,A5889,1,0,1,1,1,0,0,0,1,1,0,1,1,0,0,0,0,0,1,7,0.0,0,11.0,42.5,160617600.0,0,1,0,1,0,1,0,1,1,0,1262033.4367899578,52248177771.89781
254,A5931,1,0,1,1,1,0,0,0,1,1,0,1,1,0,0,0,0,0,1,157,0.0,0,11.0,71.5,159148800.0,0,1,0,1,0,1,0,1,1,0,1262033.4367899578,52248177771.89781
255,A6040,1,0,1,1,1,0,0,0,1,1,0,1,1,0,0,0,0,0,1,157,0.0,0,11.0,71.5,161049600.0,0,1,0,1,0,1,0,1,1,0,1262033.4367899578,52248177771.89781
260,A6670,1,0,1,1,1,0,0,0,1,1,0,1,1,0,0,0,0,0,1,157,0.0,0,11.0,71.5,159667200.0,0,1,0,1,0,1,0,1,1,0,1262033.4367899578,52248177771.89781
263,A6697,1,0,1,1,1,0,0,0,1,1,0,1,1,0,0,0,0,0,1,157,0.0,0,11.0,71.5,159148800.0,0,1,0,1,0,1,0,1,1,0,1262033.4367899578,52248177771.89781
266,A6833,1,0,1,1,1,0,0,0,1,1,0,1,1,0,0,0,0,0,1,157,0.0,0,11.0,71.5,157420800.0,0,1,0,1,0,1,0,1,1,0,1262033.4367899578,52248177771.89781
269,A7030,1,0,1,1,1,0,0,0,1,1,0,1,1,0,0,0,0,0,1,7,0.0,0,11.0,42.5,158976000.0,0,1,0,1,0,1,0,1,1,0,1262033.4367899578,52248177771.89781
275,A7988,1,0,1,1,1,0,0,0,1,1,0,1,1,0,0,0,0,0,1,157,0.0,0,11.0,71.5,157248000.0,0,1,0,1,0,1,0,1,1,0,1262033.4367899578,52248177771.89781
276,A805,1,0,1,1,1,0,0,0,1,1,0,1,1,0,0,0,0,0,1,7,0.0,0,11.0,71.5,169606800.0,0,1,0,1,0,1,0,1,1,0,1262033.4367899578,52248177771.89781
285,A9232,1,0,1,1,1,0,0,0,1,1,0,1,1,0,0,0,0,0,1,157,0.0,0,13.0,74.0,151804800.0,0,1,0,1,0,1,0,1,1,0,1262033.4367899578,52248177771.89781
293,A9845,1,0,1,1,1,0,0,0,1,1,0,1,1,0,0,0,0,0,1,157,0.0,0,13.0,74.0,151977600.0,0,1,0,1,0,1,0,1,1,0,1262033.4367899578,52248177771.89781
313,C17405,1,0,1,1,1,0,0,0,1,1,0,1,1,0,0,0,0,0,1,157,0.0,0,0.0,68.77,228013200.0,0,1,0,1,0,1,0,1,1,0,1262033.4367899578,52248177771.89781
321,C18160,1,0,1,1,1,0,0,0,1,1,0,1,0,1,0,0,0,0,1,80,0.0,0,11.0,286.5,178160400.0,0,1,0,1,0,1,0,1,1,0,1262033.4367899578,52248177771.89781
324,C18212,1,0,1,1,1,0,0,0,1,1,0,1,1,0,0,0,0,0,1,7,0.0,0,0.0,1310.0,201834000.0,0,1,0,1,0,1,0,1,1,0,1262033.4367899578,52248177771.89781
325,C18263,1,0,1,1,1,0,0,0,1,1,0,1,1,0,0,0,0,0,1,158,0.0,0,0.0,143.0,170298000.0,0,1,0,1,0,1,0,1,1,0,1262033.4367899578,52248177771.89781
327,C18440,1,0,1,1,1,0,0,0,1,1,0,1,1,0,0,0,0,0,1,145,0.0,6,0.0,275.0,182217600.0,0,1,0,1,0,1,0,1,1,0,1262033.4367899578,52248177771.89781
334,C18594,1,0,1,1,1,0,0,0,1,1,1,0,1,0,0,0,0,0,1,193,0.0,0,0.0,1433.5,177382800.0,0,1,0,1,0,1,0,1,1,0,1262033.4367899578,52248177771.89781
335,C18615,1,0,1,1,1,0,0,0,1,1,0,1,1,0,0,0,0,0,1,172,0.0,5,0.0,137.5,168742800.0,0,1,0,1,0,1,0,1,1,0,1262033.4367899578,52248177771.89781
336,C18621,1,0,1,1,1,0,0,0,1,1,0,1,0,1,0,0,0,0,1,116,0.0,0,11.0,1032.5,178160400.0,0,1,0,1,0,1,0,1,1,0,1262033.4367899578,52248177771.89781
343,C18793,1,0,1,1,1,0,0,0,1,1,0,1,1,0,0,0,0,0,1,23,0.0,0,0.0,716.5,171334800.0,0,1,0,1,0,1,0,1,1,0,1262033.4367899578,52248177771.89781
353,C19046,1,0,1,1,1,0,0,0,1,1,0,1,0,1,0,0,0,0,1,116,0.0,0,0.0,1032.5,164163600.0,0,1,0,1,0,1,0,1,1,0,1262033.4367899578,52248177771.89781
356,C19250,1,0,1,1,1,0,0,0,1,1,0,1,1,0,0,0,0,0,1,23,0.0,0,0.0,716.5,160099200.0,0,1,0,1,0,1,0,1,1,0,1262033.4367899578,52248177771.89781
357,C19370,1,0,1,1,1,0,0,0,1,1,0,1,1,0,0,0,0,0,1,80,0.0,0,0.0,297.0,146019600.0,0,1,0,1,0,1,0,1,1,0,1262033.4367899578,52248177771.89781
358,C19446,1,0,1,1,1,0,0,0,1,1,0,1,1,0,0,0,0,0,1,145,0.0,6,0.0,285.0,142390800.0,0,1,0,1,0,1,0,1,1,0,1262033.4367899578,52248177771.89781
360,C19592,1,0,1,1,1,0,0,0,1,1,0,1,1,0,0,0,0,0,1,149,0.0,3,0.0,74.0,128304000.0,0,1,0,1,0,1,0,1,1,0,1262033.4367899578,52248177771.89781
366,C20411,1,0,1,1,1,0,0,0,1,1,0,1,1,0,0,0,0,0,1,146,0.0,6,0.0,299.5,76294800.0,0,1,0,1,0,1,0,1,1,0,1262033.4367899578,52248177771.89781
369,C20653,1,0,1,1,1,0,0,0,1,1,0,1,1,0,0,0,0,0,1,180,0.0,0,0.0,77.5,83120400.0,0,1,0,1,0,1,0,1,1,0,1262033.4367899578,52248177771.89781
372,C21277,1,0,1,1,1,0,0,0,1,1,0,1,1,0,0,0,0,0,1,23,0.0,0,0.0,779.5,65836800.0,0,1,0,1,0,1,0,1,1,0,1262033.4367899578,52248177771.89781
376,C21641,1,0,1,1,1,0,0,0,1,1,0,1,1,0,0,0,0,0,1,20,0.0,0,0.0,312.0,47955600.0,0,1,0,1,0,1,0,1,1,0,1262033.4367899578,52248177771.89781
377,C21661,1,0,1,1,1,0,0,0,1,1,0,1,1,0,0,0,0,0,1,20,0.0,0,0.0,312.0,46400400.0,0,1,0,1,0,1,0,1,1,0,1262033.4367899578,52248177771.89781
379,C21663,1,0,1,1,1,0,0,0,1,1,0,1,1,0,0,0,0,0,1,20,0.0,0,0.0,312.0,46400400.0,0,1,0,1,0,1,0,1,1,0,1262033.4367899578,52248177771.89781
380,C21664,1,0,1,1,1,0,0,0,1,1,0,1,1,0,0,0,0,0,1,20,0.0,0,0.0,312.0,46400400.0,0,1,0,1,0,1,0,1,1,0,1262033.4367899578,52248177771.89781
381,C21665,1,0,1,1,1,0,0,0,1,1,0,1,1,0,0,0,0,0,1,20,0.0,0,0.0,312.0,46314000.0,0,1,0,1,0,1,0,1,1,0,1262033.4367899578,52248177771.89781
382,C21666,1,0,1,1,1,0,0,0,1,1,1,0,1,0,0,0,0,0,1,20,0.0,0,0.0,312.0,46400400.0,0,1,0,1,0,1,0,1,1,0,1262033.4367899578,52248177771.89781
383,C21667,1,0,1,1,1,0,0,0,1,1,0,1,1,0,0,0,0,0,1,20,0.0,0,0.0,312.0,46400400.0,0,1,0,1,0,1,0,1,1,0,1262033.4367899578,52248177771.89781
384,C21669,1,0,1,1,1,0,0,0,1,1,0,1,1,0,0,0,0,0,1,20,0.0,0,0.0,312.0,46314000.0,0,1,0,1,0,1,0,1,1,0,1262033.4367899578,52248177771.89781
385,C21732,1,0,1,1,1,0,0,0,1,1,0,1,1,0,0,0,0,0,1,20,0.0,0,0.0,312.0,46054800.0,0,1,0,1,0,1,0,1,1,0,1262033.4367899578,52248177771.89781
416,N100307,1,0,1,1,1,0,0,0,1,1,0,1,1,0,0,0,0,0,1,157,0.0,0,11.0,71.5,173667600.0,0,1,0,1,0,1,0,1,1,0,1262033.4367899578,52248177771.89781
422,N100780,1,0,1,1,1,0,0,0,1,1,0,1,1,0,0,0,0,0,1,157,0.0,0,11.0,71.5,171507600.0,0,1,0,1,0,1,0,1,1,0,1262033.4367899578,52248177771.89781
429,N102113,1,0,1,1,1,0,0,0,1,1,0,1,1,0,0,0,0,0,1,157,0.0,0,11.0,71.5,170643600.0,0,1,0,1,0,1,0,1,1,0,1262033.4367899578,52248177771.89781
441,N22795,1,0,1,1,1,0,0,0,1,1,0,1,1,0,0,0,0,0,1,157,0.0,0,6.46,62.59,376012800.0,0,1,0,1,0,1,0,1,1,0,1262033.4367899578,52248177771.89781
511,N41716,1,0,1,1,1,0,0,0,1,1,0,1,1,0,0,0,0,0,1,7,0.0,0,10.0,39.0,307670400.0,0,1,0,1,0,1,0,1,1,0,1262033.4367899578,52248177771.89781
514,N42948,1,0,1,1,1,0,0,0,1,1,0,1,1,0,0,0,0,0,1,157,0.0,0,10.0,65.5,294368400.0,0,1,0,1,0,1,0,1,1,0,1262033.4367899578,52248177771.89781
533,N52608,1,0,1,1,1,0,0,0,1,1,0,1,1,0,0,0,0,0,1,157,0.0,0,11.0,68.77,240454800.0,0,1,0,1,0,1,0,1,1,0,1262033.4367899578,52248177771.89781
542,N53808,1,0,1,1,1,0,0,0,1,1,0,1,1,0,0,0,0,0,1,157,0.0,0,11.0,68.77,239504400.0,0,1,0,1,0,1,0,1,1,0,1262033.4367899578,52248177771.89781
550,N56410,1,0,1,1,1,0,0,0,1,1,0,1,1,0,0,0,0,0,1,157,0.0,0,16.6,68.77,236912400.0,0,1,0,1,0,1,0,1,1,0,1262033.4367899578,52248177771.89781
551,N56464,1,0,1,1,1,0,0,0,1,1,0,1,1,0,0,0,0,0,1,157,0.0,0,11.0,68.77,236480400.0,0,1,0,1,0,1,0,1,1,0,1262033.4367899578,52248177771.89781
553,N56693,1,0,1,1,1,0,0,0,1,1,0,1,1,0,0,0,0,0,1,157,0.0,0,11.0,68.77,235270800.0,0,1,0,1,0,1,0,1,1,0,1262033.4367899578,52248177771.89781
557,N56835,1,0,1,1,1,0,0,0,1,1,0,1,1,0,0,0,0,0,1,157,0.0,0,11.0,68.77,232160400.0,0,1,0,1,0,1,0,1,1,0,1262033.4367899578,52248177771.89781
561,N57373,1,0,1,1,1,0,0,0,1,1,0,1,1,0,0,0,0,0,1,157,0.0,0,22.2,68.77,234579600.0,0,1,0,1,0,1,0,1,1,0,1262033.4367899578,52248177771.89781
563,N57413,1,0,1,1,1,0,0,0,1,1,0,1,1,0,0,0,0,0,1,157,0.0,0,16.6,68.77,234234000.0,0,1,0,1,0,1,0,1,1,0,1262033.4367899578,52248177771.89781
567,N57859,1,0,1,1,1,0,0,0,1,1,0,1,1,0,0,0,0,0,1,157,0.0,0,11.0,68.77,235789200.0,0,1,0,1,0,1,0,1,1,0,1262033.4367899578,52248177771.89781
569,N58046,1,0,1,1,1,0,0,0,1,1,0,1,1,0,0,0,0,0,1,157,0.0,0,11.0,68.77,235357200.0,0,1,0,1,0,1,0,1,1,0,1262033.4367899578,52248177771.89781
575,N59019,1,0,1,1,1,0,0,0,1,1,0,1,1,0,0,0,0,0,1,7,0.0,0,11.0,40.95,231987600.0,0,1,0,1,0,1,0,1,1,0,1262033.4367899578,52248177771.89781
582,N59741,1,0,1,1,1,0,0,0,1,1,0,1,1,0,0,0,0,0,1,157,0.0,0,11.0,68.77,233802000.0,0,1,0,1,0,1,0,1,1,0,1262033.4367899578,52248177771.89781
583,N59909,1,0,1,1,1,0,0,0,1,1,0,1,1,0,0,0,0,0,1,157,0.0,0,11.0,68.77,234406800.0,0,1,0,1,0,1,0,1,1,0,1262033.4367899578,52248177771.89781
584,N60200,1,0,1,1,1,0,0,0,1,1,0,1,1,0,0,0,0,0,1,157,0.0,0,11.0,68.77,228618000.0,0,1,0,1,0,1,0,1,1,0,1262033.4367899578,52248177771.89781
586,N60441,1,0,1,1,1,0,0,0,1,1,0,1,1,0,0,0,0,0,1,157,0.0,0,11.0,68.77,231987600.0,0,1,0,1,0,1,0,1,1,0,1262033.4367899578,52248177771.89781
588,N60494,1,0,1,1,1,0,0,0,1,1,0,1,1,0,0,0,0,0,1,157,0.0,0,11.0,68.77,232246800.0,0,1,0,1,0,1,0,1,1,0,1262033.4367899578,52248177771.89781
590,N60683,1,0,1,1,1,0,0,0,1,1,0,1,1,0,0,0,0,0,1,157,0.0,0,11.0,68.77,232851600.0,0,1,0,1,0,1,0,1,1,0,1262033.4367899578,52248177771.89781
593,N60740,1,0,1,1,1,0,0,0,1,1,0,1,1,0,0,0,0,0,1,157,0.0,0,11.0,68.77,232419600.0,0,1,0,1,0,1,0,1,1,0,1262033.4367899578,52248177771.89781
597,N61025,1,0,1,1,1,0,0,0,1,1,0,1,1,0,0,0,0,0,1,157,0.0,0,11.0,68.77,233370000.0,0,1,0,1,0,1,0,1,1,0,1262033.4367899578,52248177771.89781
606,N62663,1,0,1,1,1,0,0,0,1,1,0,1,1,0,0,0,0,0,1,157,0.0,0,11.0,68.77,231728400.0,0,1,0,1,0,1,0,1,1,0,1262033.4367899578,52248177771.89781
611,N63307,1,0,1,1,1,0,0,0,1,1,0,1,1,0,0,0,0,0,1,157,0.0,0,11.0,68.77,229914000.0,0,1,0,1,0,1,0,1,1,0,1262033.4367899578,52248177771.89781
612,N63553,1,0,1,1,1,0,0,0,1,1,0,1,1,0,0,0,0,0,1,157,0.0,0,16.6,68.77,231382800.0,0,1,0,1,0,1,0,1,1,0,1262033.4367899578,52248177771.89781
614,N63723,1,0,1,1,1,0,0,0,1,1,0,1,1,0,0,0,0,0,1,157,0.0,0,11.0,68.77,230864400.0,0,1,0,1,0,1,0,1,1,0,1262033.4367899578,52248177771.89781
626,N65660,1,0,1,1,1,0,0,0,1,1,0,1,1,0,0,0,0,0,1,7,0.0,0,11.0,40.95,222134400.0,0,1,0,1,0,1,0,1,1,0,1262033.4367899578,52248177771.89781
629,N66150,1,0,1,1,1,0,0,0,1,1,0,1,1,0,0,0,0,0,1,157,0.0,0,16.6,68.77,221443200.0,0,1,0,1,0,1,0,1,1,0,1262033.4367899578,52248177771.89781
633,N66521,1,0,1,1,1,0,0,0,1,1,0,1,1,0,0,1,0,0,1,157,0.0,0,16.6,68.77,36982800.0,0,1,0,1,0,1,0,1,1,0,1262033.4367899578,52248177771.89781
645,N68194,1,0,1,1,1,0,0,0,1,1,0,1,1,0,0,0,0,0,1,157,0.0,0,16.6,68.77,222134400.0,0,1,0,1,0,1,0,1,1,0,1262033.4367899578,52248177771.89781
653,N69083,1,0,1,1,1,0,0,0,1,1,0,1,1,0,0,0,0,0,1,157,0.0,0,11.0,71.5,216864000.0,0,1,0,1,0,1,0,1,1,0,1262033.4367899578,52248177771.89781
659,N70045,1,0,1,1,1,0,0,0,1,1,0,1,1,0,0,0,0,0,1,157,0.0,0,11.0,71.5,216864000.0,0,1,0,1,0,1,0,1,1,0,1262033.4367899578,52248177771.89781
681,N72815,1,0,1,1,1,0,0,0,1,1,0,1,1,0,0,0,0,0,1,7,0.0,0,14.25,42.5,194054400.0,0,1,0,1,0,1,0,1,1,0,1262033.4367899578,52248177771.89781
685,N73139,1,0,1,1,1,0,0,0,1,1,0,1,1,0,0,0,0,0,1,157,0.0,0,11.0,71.5,210301200.0,0,1,0,1,0,1,0,1,1,0,1262033.4367899578,52248177771.89781
687,N73322,1,0,1,1,1,0,0,0,1,1,0,1,1,0,0,0,0,0,1,157,0.0,0,11.0,71.5,208141200.0,0,1,0,1,0,1,0,1,1,0,1262033.4367899578,52248177771.89781
689,N73428,1,0,1,1,1,0,0,0,1,1,0,1,1,0,0,0,0,0,1,157,0.0,0,14.25,71.5,212288400.0,0,1,0,1,0,1,0,1,1,0,1262033.4367899578,52248177771.89781
691,N73840,1,0,1,1,1,0,0,0,1,1,0,1,1,0,0,0,0,0,1,157,0.0,0,11.0,71.5,210214800.0,0,1,0,1,0,1,0,1,1,0,1262033.4367899578,52248177771.89781
694,N74079,1,0,1,1,1,0,0,0,1,1,0,1,1,0,0,0,0,0,1,157,0.0,0,11.0,71.5,208746000.0,0,1,0,1,0,1,0,1,1,0,1262033.4367899578,52248177771.89781
695,N74092,1,0,1,1,1,0,0,0,1,1,0,1,1,0,0,0,0,0,1,157,0.0,0,11.0,71.5,208659600.0,0,1,0,1,0,1,0,1,1,0,1262033.4367899578,52248177771.89781
698,N74266,1,0,1,1,1,0,0,0,1,1,0,1,1,0,0,0,0,0,1,157,0.0,0,14.25,71.5,210474000.0,0,1,0,1,0,1,0,1,1,0,1262033.4367899578,52248177771.89781
700,N74429,1,0,1,1,1,0,0,0,1,1,0,1,1,0,0,0,0,0,1,157,0.0,0,11.0,71.5,210301200.0,0,1,0,1,0,1,0,1,1,0,1262033.4367899578,52248177771.89781
701,N74712,1,0,1,1,1,0,0,0,1,1,0,1,1,0,0,0,0,0,1,157,0.0,0,11.0,71.5,207450000.0,0,1,0,1,0,1,0,1,1,0,1262033.4367899578,52248177771.89781
703,N74953,1,0,1,1,1,0,0,0,1,1,0,1,1,0,0,0,0,0,1,157,0.0,0,11.0,71.5,208486800.0,0,1,0,1,0,1,0,1,1,0,1262033.4367899578,52248177771.89781
704,N75079,1,0,1,1,1,0,0,0,1,1,0,1,1,0,0,0,0,0,1,157,0.0,0,11.0,71.5,208054800.0,0,1,0,1,0,1,0,1,1,0,1262033.4367899578,52248177771.89781
708,N76043,1,0,1,1,1,0,0,0,1,1,0,1,1,0,0,0,0,0,1,157,0.0,0,11.0,71.5,203389200.0,0,1,0,1,0,1,0,1,1,0,1262033.4367899578,52248177771.89781
710,N76544,1,0,1,1,1,0,0,0,1,1,0,1,1,0,0,0,0,0,1,157,0.0,0,14.25,71.5,202957200.0,0,1,0,1,0,1,0,1,1,0,1262033.4367899578,52248177771.89781
712,N76743,1,0,1,1,1,0,0,0,1,1,0,1,1,0,0,0,0,0,1,157,0.0,0,11.0,71.5,203043600.0,0,1,0,1,0,1,0,1,1,0,1262033.4367899578,52248177771.89781
713,N76864,1,0,1,1,1,0,0,0,1,1,0,1,1,0,0,0,0,0,1,157,0.0,0,11.0,71.5,203821200.0,0,1,0,1,0,1,0,1,1,0,1262033.4367899578,52248177771.89781
721,N77099,1,0,1,1,1,0,0,0,1,1,0,1,1,0,0,0,0,0,1,157,0.0,0,11.0,71.5,202957200.0,0,1,0,1,0,1,0,1,1,0,1262033.4367899578,52248177771.89781
724,N77296,1,0,1,1,1,0,0,0,1,1,0,1,1,0,0,0,0,0,1,157,0.0,0,11.0,71.5,202698000.0,0,1,0,1,0,1,0,1,1,0,1262033.4367899578,52248177771.89781
726,N77352,1,0,1,1,1,0,0,0,1,1,0,1,1,0,0,0,0,0,1,157,0.0,0,11.0,71.5,203216400.0,0,1,0,1,0,1,0,1,1,0,1262033.4367899578,52248177771.89781
736,N78554,1,0,1,1,1,0,0,0,1,1,0,1,1,0,0,0,0,0,1,157,0.0,0,11.0,71.5,203475600.0,0,1,0,1,0,1,0,1,1,0,1262033.4367899578,52248177771.89781
739,N78841,1,0,1,1,1,0,0,0,1,1,0,1,1,0,0,0,0,0,1,157,0.0,0,11.0,71.5,207882000.0,0,1,0,1,0,1,0,1,1,0,1262033.4367899578,52248177771.89781
747,N81698,1,0,1,1,1,0,0,0,1,1,0,1,1,0,0,0,0,0,1,157,0.0,0,11.0,71.5,202006800.0,0,1,0,1,0,1,0,1,1,0,1262033.4367899578,52248177771.89781
748,N81823,1,0,1,1,1,0,0,0,1,1,0,1,1,0,0,0,0,0,1,157,0.0,0,14.25,71.5,202611600.0,0,1,0,1,0,1,0,1,1,0,1262033.4367899578,52248177771.89781
751,N81959,1,0,1,1,1,0,0,0,1,1,0,1,1,0,0,0,0,0,1,157,0.0,0,11.0,71.5,198118800.0,0,1,0,1,0,1,0,1,1,0,1262033.4367899578,52248177771.89781
755,N82370,1,0,1,1,1,0,0,0,1,1,0,1,1,0,0,0,0,0,1,157,0.0,0,14.25,71.5,201229200.0,0,1,0,1,0,1,0,1,1,0,1262033.4367899578,52248177771.89781
756,N82510,1,0,1,1,1,0,0,0,1,1,0,1,1,0,0,0,0,0,1,157,0.0,0,11.0,71.5,201747600.0,0,1,0,1,0,1,0,1,1,0,1262033.4367899578,52248177771.89781
759,N83355,1,0,1,1,1,0,0,0,1,1,0,1,1,0,0,0,0,0,1,157,0.0,0,11.0,71.5,200710800.0,0,1,0,1,0,1,0,1,1,0,1262033.4367899578,52248177771.89781
760,N83516,1,0,1,1,1,0,0,0,1,1,0,1,1,0,0,0,0,0,1,157,0.0,0,11.0,71.5,200797200.0,0,1,0,1,0,1,0,1,1,0,1262033.4367899578,52248177771.89781
763,N83776,1,0,1,1,1,0,0,0,1,1,0,1,1,0,0,0,0,0,1,157,0.0,0,11.0,71.5,200451600.0,0,1,0,1,0,1,0,1,1,0,1262033.4367899578,52248177771.89781
765,N83832,1,0,1,1,1,0,0,0,1,1,0,1,1,0,0,0,0,0,1,157,0.0,0,14.25,71.5,200451600.0,0,1,0,1,0,1,0,1,1,0,1262033.4367899578,52248177771.89781
771,N84672,1,0,1,1,1,0,0,0,1,1,0,1,1,0,0,0,0,0,1,157,0.0,0,11.0,71.5,199155600.0,0,1,0,1,0,1,0,1,1,0,1262033.4367899578,52248177771.89781
772,N84761,1,0,1,1,1,0,0,0,1,1,0,1,1,0,0,0,0,0,1,157,0.0,0,11.0,71.5,199069200.0,0,1,0,1,0,1,0,1,1,0,1262033.4367899578,52248177771.89781
778,N85380,1,0,1,1,1,0,0,0,1,1,0,1,1,0,0,0,0,0,1,157,0.0,0,22.2,71.5,39315600.0,0,1,0,1,0,1,0,1,1,0,1262033.4367899578,52248177771.89781
780,N85794,1,0,1,1,1,0,0,0,1,1,0,1,1,0,0,0,0,0,1,7,0.0,0,11.0,42.5,194054400.0,0,1,0,1,0,1,0,1,1,0,1262033.4367899578,52248177771.89781
789,N87447,1,0,1,1,1,0,0,0,1,1,0,1,1,0,0,0,0,0,1,157,0.0,0,11.0,71.5,192844800.0,0,1,0,1,0,1,0,1,1,0,1262033.4367899578,52248177771.89781
802,N88922,1,0,1,1,1,0,0,0,1,1,0,1,1,0,0,0,0,0,1,157,0.0,0,14.25,71.5,190252800.0,0,1,0,1,0,1,0,1,1,0,1262033.4367899578,52248177771.89781
804,N89527,1,0,1,1,1,0,0,0,1,1,0,1,1,0,0,0,0,0,1,7,0.0,0,11.0,42.5,189648000.0,0,1,0,1,0,1,0,1,1,0,1262033.4367899578,52248177771.89781
805,N89554,1,0,1,1,1,0,0,0,1,1,0,1,1,0,0,0,0,0,1,157,0.0,0,14.25,71.5,190771200.0,0,1,0,1,0,1,0,1,1,0,1262033.4367899578,52248177771.89781
812,N91982,1,0,1,1,1,0,0,0,1,1,0,1,1,0,0,0,0,0,1,157,0.0,0,11.0,71.5,176000400.0,0,1,0,1,0,1,0,1,1,0,1262033.4367899578,52248177771.89781
817,N92888,1,0,1,1,1,0,0,0,1,1,0,1,1,0,0,0,0,0,1,157,0.0,0,14.25,71.5,184809600.0,0,1,0,1,0,1,0,1,1,0,1262033.4367899578,52248177771.89781
820,N93442,1,0,1,1,1,0,0,0,1,1,0,1,1,0,0,0,0,0,1,157,0.0,0,11.0,71.5,181184400.0,0,1,0,1,0,1,0,1,1,0,1262033.4367899578,52248177771.89781
828,N94824,1,0,1,1,1,0,0,0,1,1,0,1,1,0,0,0,0,0,1,157,0.0,0,11.0,71.5,179974800.0,0,1,0,1,0,1,0,1,1,0,1262033.4367899578,52248177771.89781
830,N94912,1,0,1,1,1,0,0,0,1,1,0,1,1,0,0,0,0,0,1,157,0.0,0,14.25,71.5,179024400.0,0,1,0,1,0,1,0,1,1,0,1262033.4367899578,52248177771.89781
833,N95182,1,0,1,1,1,0,0,0,1,1,0,1,1,0,0,0,0,0,1,157,0.0,0,11.0,71.5,178333200.0,0,1,0,1,0,1,0,1,1,0,1262033.4367899578,52248177771.89781
834,N95546,1,0,1,1,1,0,0,0,1,1,0,1,1,0,0,0,0,0,1,157,0.0,0,14.25,71.5,178246800.0,0,1,0,1,0,1,0,1,1,0,1262033.4367899578,52248177771.89781
836,N96040,1,0,1,1,1,0,0,0,1,1,0,1,1,0,0,0,0,0,1,157,0.0,0,14.25,71.5,177901200.0,0,1,0,1,0,1,0,1,1,0,1262033.4367899578,52248177771.89781
844,N97140,1,0,1,1,1,0,0,0,1,1,0,1,1,0,0,0,0,0,1,157,0.0,0,11.0,71.5,176000400.0,0,1,0,1,0,1,0,1,1,0,1262033.4367899578,52248177771.89781
846,N97470,1,0,1,1,1,0,0,0,1,1,0,1,1,0,0,0,0,0,1,7,0.0,0,11.0,42.5,175050000.0,0,1,0,1,0,1,0,1,1,0,1262033.4367899578,52248177771.89781
848,N97632,1,0,1,1,1,0,0,0,1,1,0,1,1,0,0,0,0,0,1,157,0.0,0,11.0,71.5,175309200.0,0,1,0,1,0,1,0,1,1,0,1262033.4367899578,52248177771.89781
850,N97798,1,0,1,1,1,0,0,0,1,1,0,1,1,0,0,0,0,0,1,157,0.0,0,16.6,71.5,174963600.0,0,1,0,1,0,1,0,1,1,0,1262033.4367899578,52248177771.89781
852,N97957,1,0,1,1,1,0,0,0,1,1,0,1,1,0,0,0,0,0,1,157,0.0,0,11.0,71.5,175914000.0,0,1,0,1,0,1,0,1,1,0,1262033.4367899578,52248177771.89781
856,N98467,1,0,1,1,1,0,0,0,1,1,0,1,1,0,0,0,0,0,1,157,0.0,0,11.0,71.5,174790800.0,0,1,0,1,0,1,0,1,1,0,1262033.4367899578,52248177771.89781
857,N98469,1,0,1,1,1,0,0,0,1,1,0,1,1,0,0,0,0,0,1,157,0.0,0,11.0,71.5,174790800.0,0,1,0,1,0,1,0,1,1,0,1262033.4367899578,52248177771.89781
858,N98736,1,0,1,1,1,0,0,0,1,1,0,1,1,0,0,0,0,0,1,157,0.0,0,11.0,71.5,173062800.0,0,1,0,1,0,1,0,1,1,0,1262033.4367899578,52248177771.89781
865,N98957,1,0,1,1,1,0,0,0,1,1,0,1,1,0,0,0,0,0,1,7,0.0,0,14.25,42.5,173149200.0,0,1,0,1,0,1,0,1,1,0,1262033.4367899578,52248177771.89781
867,N99025,1,0,1,1,1,0,0,0,1,1,0,1,1,0,0,0,0,0,1,157,0.0,0,11.0,71.5,174186000.0,0,1,0,1,0,1,0,1,1,0,1262033.4367899578,52248177771.89781
869,N99087,1,0,1,1,1,0,0,0,1,1,0,1,1,0,0,0,0,0,1,157,0.0,0,14.25,71.5,173667600.0,0,1,0,1,0,1,0,1,1,0,1262033.4367899578,52248177771.89781
872,N99540,1,0,1,1,1,0,0,0,1,1,0,1,1,0,0,0,0,0,1,157,0.0,0,14.25,71.5,174704400.0,0,1,0,1,0,1,0,1,1,0,1262033.4367899578,52248177771.89781
874,N99573,1,0,1,1,1,0,0,0,1,1,0,1,1,0,0,0,0,0,1,157,0.0,0,11.0,71.5,174272400.0,0,1,0,1,0,1,0,1,1,0,1262033.4367899578,52248177771.89781
876,N99762,1,0,1,1,1,0,0,0,1,1,0,1,1,0,0,0,0,0,1,157,0.0,0,11.0,71.5,174358800.0,0,1,0,1,0,1,0,1,1,0,1262033.4367899578,52248177771.89781
951,S100019,1,0,1,1,1,0,0,0,1,1,0,1,1,0,0,1,0,0,1,158,0.0,0,19.85,71.5,36547200.0,0,1,0,1,0,1,0,1,1,0,1262033.4367899578,52248177771.89781
952,S100033,1,0,1,1,1,0,0,0,1,1,0,1,1,0,0,0,0,0,1,157,0.0,0,14.25,71.5,202438800.0,0,1,0,1,0,1,0,1,1,0,1262033.4367899578,52248177771.89781
979,S103931,1,0,1,1,1,0,0,0,1,1,0,1,1,0,0,0,0,0,1,7,0.0,0,11.0,71.5,202784400.0,0,1,0,1,0,1,0,1,1,0,1262033.4367899578,52248177771.89781
981,S103944,1,0,1,1,1,0,0,0,1,1,0,1,1,0,0,0,0,0,1,7,0.0,0,11.0,71.5,202698000.0,0,1,0,1,0,1,0,1,1,0,1262033.4367899578,52248177771.89781
986,S104748,1,0,1,1,1,0,0,0,1,1,0,1,1,0,0,0,0,0,1,7,0.0,0,14.25,71.5,203216400.0,0,1,0,1,0,1,0,1,1,0,1262033.4367899578,52248177771.89781
990,S104889,1,0,1,1,1,0,0,0,1,1,0,1,1,0,0,0,0,0,1,7,0.0,0,14.25,71.5,203043600.0,0,1,0,1,0,1,0,1,1,0,1262033.4367899578,52248177771.89781
994,S105181,1,0,1,1,1,0,0,0,1,1,0,1,1,0,0,0,0,0,1,7,0.0,0,14.25,71.5,202611600.0,0,1,0,1,0,1,0,1,1,0,1262033.4367899578,52248177771.89781
995,S105192,1,0,1,1,1,0,0,0,1,1,0,1,1,0,0,0,0,0,1,141,0.0,5,14.25,143.0,202438800.0,0,1,0,1,0,1,0,1,1,0,1262033.4367899578,52248177771.89781
998,S105542,1,0,1,1,1,0,0,0,1,1,0,1,1,0,0,0,0,0,1,158,0.0,2,11.0,143.0,200970000.0,0,1,0,1,0,1,0,1,1,0,1262033.4367899578,52248177771.89781
1004,S105744,1,0,1,1,1,0,0,0,1,1,0,1,1,0,0,0,0,0,1,158,0.0,0,11.0,71.5,202784400.0,0,1,0,1,0,1,0,1,1,0,1262033.4367899578,52248177771.89781
1005,S105809,1,0,1,1,1,0,0,0,1,1,0,1,1,0,0,0,0,0,1,7,0.0,0,14.25,71.5,203216400.0,0,1,0,1,0,1,0,1,1,0,1262033.4367899578,52248177771.89781
1014,S106672,1,0,1,1,1,0,0,0,1,1,0,1,1,0,0,0,0,0,1,7,0.0,0,11.0,71.5,200710800.0,0,1,0,1,0,1,0,1,1,0,1262033.4367899578,52248177771.89781
1017,S106962,1,0,1,1,1,0,0,0,1,1,0,1,1,0,0,0,0,0,1,7,0.0,0,14.25,71.5,200710800.0,0,1,0,1,0,1,0,1,1,0,1262033.4367899578,52248177771.89781
1029,S107667,1,0,1,1,1,0,0,0,1,1,0,1,1,0,0,0,0,0,1,158,0.0,0,11.0,143.0,196995600.0,0,1,0,1,0,1,0,1,1,0,1262033.4367899578,52248177771.89781
1030,S107748,1,0,1,1,1,0,0,0,1,1,0,1,1,0,0,0,0,0,1,7,0.0,0,13.5,74.0,105238800.0,0,1,0,1,0,1,0,1,1,0,1262033.4367899578,52248177771.89781
1031,S107825,1,0,1,1,1,0,0,0,1,1,0,1,0,0,1,0,0,0,1,191,0.0,5,14.25,275.0,198810000.0,0,1,0,1,0,1,0,1,1,0,1262033.4367899578,52248177771.89781
1033,S107913,1,0,1,1,1,0,0,0,1,1,0,1,1,0,0,0,0,0,1,7,0.0,0,11.0,71.5,200192400.0,0,1,0,1,0,1,0,1,1,0,1262033.4367899578,52248177771.89781
1043,S108437,1,0,1,1,1,0,0,0,1,1,0,1,1,0,0,0,0,0,1,7,0.0,0,14.25,71.5,191289600.0,0,1,0,1,0,1,0,1,1,0,1262033.4367899578,52248177771.89781
1052,S108707,1,0,1,1,1,0,0,0,1,1,0,1,0,1,0,0,0,0,1,7,0.0,0,11.0,71.5,196131600.0,0,1,0,1,0,1,0,1,1,0,1262033.4367899578,52248177771.89781
1059,S108971,1,0,1,1,1,0,0,0,1,1,0,1,1,0,0,0,0,0,1,7,0.0,0,14.25,71.5,195008400.0,0,1,0,1,0,1,0,1,1,0,1262033.4367899578,52248177771.89781
1061,S108991,1,0,1,1,1,0,0,0,1,1,0,1,1,0,0,0,0,0,1,158,0.0,0,19.85,71.5,193795200.0,0,1,0,1,0,1,0,1,1,0,1262033.4367899578,52248177771.89781
1071,S109851,1,0,1,1,1,0,0,0,1,1,0,1,0,1,0,0,0,0,1,171,0.0,0,11.0,137.5,185500800.0,0,1,0,1,0,1,0,1,1,0,1262033.4367899578,52248177771.89781
1072,S109861,1,0,1,1,1,0,0,0,1,1,0,1,1,0,0,0,0,0,1,158,0.0,2,11.0,143.0,185155200.0,0,1,0,1,0,1,0,1,1,0,1262033.4367899578,52248177771.89781
1078,S110094,1,0,1,1,1,0,0,0,1,1,0,1,1,0,0,0,0,0,1,7,0.0,0,11.0,71.5,182304000.0,0,1,0,1,0,1,0,1,1,0,1262033.4367899578,52248177771.89781
1091,S111336,1,0,1,1,1,0,0,0,1,1,0,1,1,0,0,1,0,0,1,146,0.0,6,16.6,275.0,32313600.0,0,1,0,1,0,1,0,1,1,0,1262033.4367899578,52248177771.89781
1098,S111775,1,0,1,1,1,0,0,0,1,1,0,1,1,0,0,0,0,0,1,158,0.0,0,14.25,71.5,175741200.0,0,1,0,1,0,1,0,1,1,0,1262033.4367899578,52248177771.89781
1108,S112424,1,0,1,1,1,0,0,0,1,1,0,1,0,0,1,0,0,0,1,158,0.0,0,11.0,71.5,171853200.0,0,1,0,1,0,1,0,1,1,0,1262033.4367899578,52248177771.89781
1112,S112568,1,0,1,1,1,0,0,0,1,1,0,1,1,0,0,0,0,0,1,158,0.0,0,14.25,143.0,173235600.0,0,1,0,1,0,1,0,1,1,0,1262033.4367899578,52248177771.89781
1119,S112781,1,0,1,1,1,0,0,0,1,1,0,1,1,0,0,0,0,0,1,7,0.0,0,14.25,71.5,173754000.0,0,1,0,1,0,1,0,1,1,0,1262033.4367899578,52248177771.89781
1120,S112818,1,0,1,1,1,0,0,0,1,1,0,1,1,0,0,0,0,0,1,158,0.0,0,14.25,71.5,174186000.0,0,1,0,1,0,1,0,1,1,0,1262033.4367899578,52248177771.89781
1146,S113863,1,0,1,1,1,0,0,0,1,1,0,1,0,0,1,0,0,0,1,146,0.0,6,11.0,275.0,169002000.0,0,1,0,1,0,1,0,1,1,0,1262033.4367899578,52248177771.89781
1159,S114524,1,0,1,1,1,0,0,0,1,1,0,1,1,0,0,0,0,0,1,157,0.0,0,11.0,71.5,170816400.0,0,1,0,1,0,1,0,1,1,0,1262033.4367899578,52248177771.89781
1161,S114686,1,0,1,1,1,0,0,0,1,1,0,1,1,0,0,0,0,0,1,7,0.0,0,11.0,71.5,169952400.0,0,1,0,1,0,1,0,1,1,0,1262033.4367899578,52248177771.89781
1168,S115017,1,0,1,1,1,0,0,0,1,1,0,1,1,0,0,0,0,0,1,158,0.0,2,11.0,143.0,169434000.0,0,1,0,1,0,1,0,1,1,0,1262033.4367899578,52248177771.89781
1172,S115096,1,0,1,1,1,0,0,0,1,1,0,1,1,0,0,0,0,0,1,158,0.0,0,11.0,143.0,167878800.0,0,1,0,1,0,1,0,1,1,0,1262033.4367899578,52248177771.89781
1186,S115489,1,0,1,1,1,0,0,0,1,1,0,1,1,0,0,0,0,0,1,7,0.0,0,11.0,71.5,168138000.0,0,1,0,1,0,1,0,1,1,0,1262033.4367899578,52248177771.89781
1193,S115776,1,0,1,1,1,0,0,0,1,1,0,1,1,0,0,0,0,0,1,7,0.0,0,11.0,71.5,168310800.0,0,1,0,1,0,1,0,1,1,0,1262033.4367899578,52248177771.89781
1204,S116627,1,0,1,1,1,0,0,0,1,1,0,1,1,0,0,0,0,0,1,158,0.0,2,13.0,148.0,133146000.0,0,1,0,1,0,1,0,1,1,0,1262033.4367899578,52248177771.89781
1209,S117234,1,0,1,1,1,0,0,0,1,1,0,1,1,0,0,0,0,0,1,158,0.0,2,11.0,143.0,159580800.0,0,1,0,1,0,1,0,1,1,0,1262033.4367899578,52248177771.89781
1213,S117471,1,0,1,1,1,0,0,0,1,1,0,1,0,0,1,0,0,0,1,41,0.0,0,11.0,0.0,160704000.0,0,1,0,1,0,1,0,1,1,0,1262033.4367899578,52248177771.89781
1221,S118221,1,0,1,1,1,0,0,0,1,1,0,1,1,0,0,0,0,0,1,7,0.0,0,13.0,74.0,145760400.0,0,1,0,1,0,1,0,1,1,0,1262033.4367899578,52248177771.89781
1223,S118600,1,0,1,1,1,0,0,0,1,1,0,1,1,0,0,0,0,0,1,7,0.0,0,13.0,74.0,141786000.0,0,1,0,1,0,1,0,1,1,0,1262033.4367899578,52248177771.89781
1224,S118756,1,0,1,1,1,0,0,0,1,1,0,1,1,0,0,0,0,0,1,158,0.0,0,11.0,143.0,157507200.0,0,1,0,1,0,1,0,1,1,0,1262033.4367899578,52248177771.89781
1225,S118922,1,0,1,1,1,0,0,0,1,1,0,1,1,0,0,0,0,0,1,146,0.0,6,13.0,285.0,153532800.0,0,1,0,1,0,1,0,1,1,0,1262033.4367899578,52248177771.89781
1232,S119456,1,0,1,1,1,0,0,0,1,1,0,1,0,1,0,0,0,0,1,146,0.0,0,13.0,285.0,148525200.0,0,1,0,1,0,1,0,1,1,0,1262033.4367899578,52248177771.89781
1245,S120036,1,0,1,1,1,0,0,0,1,1,0,1,1,0,0,0,0,0,1,7,0.0,0,13.0,74.0,141094800.0,0,1,0,1,0,1,0,1,1,0,1262033.4367899578,52248177771.89781
1247,S120214,1,0,1,1,1,0,0,0,1,1,0,1,1,0,0,0,0,0,1,7,0.0,0,13.0,74.0,140662800.0,0,1,0,1,0,1,0,1,1,0,1262033.4367899578,52248177771.89781
1249,S120445,1,0,1,1,1,0,0,0,1,1,0,1,1,0,0,0,0,0,1,7,0.0,0,13.0,74.0,139798800.0,0,1,0,1,0,1,0,1,1,0,1262033.4367899578,52248177771.89781
1258,S121171,1,0,1,1,1,0,0,0,1,1,0,1,1,0,0,0,0,0,1,157,0.0,0,13.0,74.0,137379600.0,0,1,0,1,0,1,0,1,1,0,1262033.4367899578,52248177771.89781
1261,S121356,1,0,1,1,1,0,0,0,1,1,0,1,1,0,0,0,0,0,1,7,0.0,0,13.0,74.0,117334800.0,0,1,0,1,0,1,0,1,1,0,1262033.4367899578,52248177771.89781
1263,S121539,1,0,1,1,1,0,0,0,1,1,0,1,1,0,0,0,0,0,1,158,0.0,0,13.0,148.0,137379600.0,0,1,0,1,0,1,0,1,1,0,1262033.4367899578,52248177771.89781
1264,S121540,1,0,1,1,1,0,0,0,1,1,0,1,1,0,0,0,0,0,1,191,0.0,5,13.0,285.0,137379600.0,0,1,0,1,0,1,0,1,1,0,1262033.4367899578,52248177771.89781
1269,S122073,1,0,1,1,1,0,0,0,1,1,0,1,1,0,0,0,0,0,1,158,0.0,0,13.0,148.0,135133200.0,0,1,0,1,0,1,0,1,1,0,1262033.4367899578,52248177771.89781
1272,S122164,1,0,1,1,1,0,0,0,1,1,0,1,1,0,0,0,0,0,1,157,0.0,0,13.0,74.0,135910800.0,0,1,0,1,0,1,0,1,1,0,1262033.4367899578,52248177771.89781
1278,S122390,1,0,1,1,1,0,0,0,1,1,0,1,1,0,0,0,0,0,1,7,0.0,0,13.5,74.0,107658000.0,0,1,0,1,0,1,0,1,1,0,1262033.4367899578,52248177771.89781
1283,S122672,1,0,1,1,1,0,0,0,1,1,0,1,1,0,0,0,0,0,1,7,0.0,0,13.0,74.0,133491600.0,0,1,0,1,0,1,0,1,1,0,1262033.4367899578,52248177771.89781
1284,S122798,1,0,1,1,1,0,0,0,1,1,0,1,1,0,0,0,0,0,1,7,0.0,0,13.5,74.0,106362000.0,0,1,0,1,0,1,0,1,1,0,1262033.4367899578,52248177771.89781
1289,S123011,1,0,1,1,1,0,0,0,1,1,0,1,1,0,0,0,0,0,1,157,0.0,0,13.0,74.0,130118400.0,0,1,0,1,0,1,0,1,1,0,1262033.4367899578,52248177771.89781
1293,S123136,1,0,1,1,1,0,0,0,1,1,0,1,0,1,0,0,0,0,1,158,0.0,0,13.0,148.0,128649600.0,0,1,0,1,0,1,0,1,1,0,1262033.4367899578,52248177771.89781
1300,S123535,1,0,1,1,1,0,0,0,1,1,0,1,1,0,0,0,0,0,1,158,0.0,0,13.0,148.0,124848000.0,0,1,0,1,0,1,0,1,1,0,1262033.4367899578,52248177771.89781
1314,S124850,1,0,1,1,1,0,0,0,1,1,0,1,1,0,0,0,0,0,1,158,0.0,0,13.5,155.5,92275200.0,0,1,0,1,0,1,0,1,1,0,1262033.4367899578,52248177771.89781
1315,S124906,1,0,1,1,1,0,0,0,1,1,0,1,1,0,0,0,0,0,1,158,0.0,0,13.0,74.0,113360400.0,0,1,0,1,0,1,0,1,1,0,1262033.4367899578,52248177771.89781
1320,S125634,1,0,1,1,1,0,0,0,1,1,0,1,1,0,0,0,0,0,1,158,0.0,0,13.5,74.0,106362000.0,0,1,0,1,0,1,0,1,1,0,1262033.4367899578,52248177771.89781
1322,S125773,1,0,1,1,1,0,0,0,1,1,0,1,1,0,0,0,0,0,1,158,0.0,0,13.5,74.0,108867600.0,0,1,0,1,0,1,0,1,1,0,1262033.4367899578,52248177771.89781
1326,S126066,1,0,1,1,1,0,0,0,1,1,0,1,1,0,0,0,0,0,1,158,0.0,0,13.5,148.0,109126800.0,0,1,0,1,0,1,0,1,1,0,1262033.4367899578,52248177771.89781
1328,S126217,1,0,1,1,1,0,0,0,1,1,0,1,1,0,0,0,0,0,1,158,0.0,0,13.5,74.0,106448400.0,0,1,0,1,0,1,0,1,1,0,1262033.4367899578,52248177771.89781
1329,S126327,1,0,1,1,1,0,0,0,1,1,0,1,1,0,0,0,0,0,1,158,0.0,0,13.5,148.0,108349200.0,0,1,0,1,0,1,0,1,1,0,1262033.4367899578,52248177771.89781
1336,S127283,1,0,1,1,1,0,0,0,1,1,0,1,1,0,0,0,0,0,1,157,0.0,0,13.5,77.5,82170000.0,0,1,0,1,0,1,0,1,1,0,1262033.4367899578,52248177771.89781
1350,S128364,1,0,1,1,1,0,0,0,1,1,0,1,1,0,0,0,0,0,1,158,0.0,0,13.5,148.0,105498000.0,0,1,0,1,0,1,0,1,1,0,1262033.4367899578,52248177771.89781
1359,S128803,1,0,1,1,1,0,0,0,1,1,0,1,1,0,0,0,0,0,1,7,0.0,0,13.5,74.0,106275600.0,0,1,0,1,0,1,0,1,1,0,1262033.4367899578,52248177771.89781
1360,S128878,1,0,1,1,1,0,0,0,1,1,0,1,1,0,0,0,0,0,1,158,0.0,0,13.5,74.0,104374800.0,0,1,0,1,0,1,0,1,1,0,1262033.4367899578,52248177771.89781
1363,S129223,1,0,1,1,1,0,0,0,1,1,0,1,1,0,0,0,0,0,1,146,0.0,6,13.5,285.0,105670800.0,0,1,0,1,0,1,0,1,1,0,1262033.4367899578,52248177771.89781
1365,S129311,1,0,1,1,1,0,0,0,1,1,0,1,1,0,0,0,0,0,1,158,0.0,0,13.5,74.0,102301200.0,0,1,0,1,0,1,0,1,1,0,1262033.4367899578,52248177771.89781
1367,S129412,1,0,1,1,1,0,0,0,1,1,0,1,1,0,0,0,0,0,1,7,0.0,0,13.5,74.0,105325200.0,0,1,0,1,0,1,0,1,1,0,1262033.4367899578,52248177771.89781
1375,S129606,1,0,1,1,1,0,0,0,1,1,0,1,1,0,0,0,0,0,1,158,0.0,2,13.5,148.0,105498000.0,0,1,0,1,0,1,0,1,1,0,1262033.4367899578,52248177771.89781
1378,S129725,1,0,1,1,1,0,0,0,1,1,0,1,1,0,0,0,0,0,1,158,0.0,0,13.5,74.0,105066000.0,0,1,0,1,0,1,0,1,1,0,1262033.4367899578,52248177771.89781
1379,S129820,1,0,1,1,1,0,0,0,1,1,0,1,1,0,0,0,0,0,1,7,0.0,0,13.5,74.0,105325200.0,0,1,0,1,0,1,0,1,1,0,1262033.4367899578,52248177771.89781
1380,S129924,1,0,1,1,1,0,0,0,1,1,0,1,1,0,0,0,0,0,1,158,0.0,0,13.5,74.0,104374800.0,0,1,0,1,0,1,0,1,1,0,1262033.4367899578,52248177771.89781
1381,S129931,1,0,1,1,1,0,0,0,1,1,0,1,1,0,0,0,0,0,1,7,0.0,0,13.5,74.0,104288400.0,0,1,0,1,0,1,0,1,1,0,1262033.4367899578,52248177771.89781
1383,S130172,1,0,1,1,1,0,0,0,1,1,0,1,1,0,0,0,0,0,1,158,0.0,2,13.5,148.0,104202000.0,0,1,0,1,0,1,0,1,1,0,1262033.4367899578,52248177771.89781
1385,S130285,1,0,1,1,1,0,0,0,1,1,0,1,1,0,0,0,0,0,1,157,0.0,0,13.5,77.5,83120400.0,0,1,0,1,0,1,0,1,1,0,1262033.4367899578,52248177771.89781
1389,S130488,1,0,1,1,1,0,0,0,1,1,0,1,1,0,0,0,0,0,1,7,0.0,0,13.5,74.0,102301200.0,0,1,0,1,0,1,0,1,1,0,1262033.4367899578,52248177771.89781
1391,S130655,1,0,1,1,1,0,0,0,1,1,0,1,1,0,0,0,0,0,1,158,0.0,0,13.5,148.0,102992400.0,0,1,0,1,0,1,0,1,1,0,1262033.4367899578,52248177771.89781
1395,S131164,1,0,1,1,1,0,0,0,1,1,0,1,1,0,0,0,0,0,1,158,0.0,0,13.5,155.5,79318800.0,0,1,0,1,0,1,0,1,1,0,1262033.4367899578,52248177771.89781
1398,S131381,1,0,1,1,1,0,0,0,1,1,0,1,1,0,0,0,0,0,1,157,0.0,0,13.5,74.0,97545600.0,0,1,0,1,0,1,0,1,1,0,1262033.4367899578,52248177771.89781
1414,S132494,1,0,1,1,1,0,0,0,1,1,0,1,1,0,0,0,0,0,1,7,0.0,0,13.5,77.5,91843200.0,0,1,0,1,0,1,0,1,1,0,1262033.4367899578,52248177771.89781
1421,S132833,1,0,1,1,1,0,0,0,1,1,0,1,1,0,0,0,0,0,1,7,0.0,0,13.5,77.5,92707200.0,0,1,0,1,0,1,0,1,1,0,1262033.4367899578,52248177771.89781
1434,S133706,1,0,1,1,1,0,0,0,1,1,0,1,1,0,0,0,0,0,1,158,0.0,0,13.5,77.5,88819200.0,0,1,0,1,0,1,0,1,1,0,1262033.4367899578,52248177771.89781
1435,S133726,1,0,1,1,1,0,0,0,1,1,0,1,1,0,0,0,0,0,1,158,0.0,0,13.5,77.5,87696000.0,0,1,0,1,0,1,0,1,1,0,1262033.4367899578,52248177771.89781
1439,S134061,1,0,1,1,1,0,0,0,1,1,0,1,1,0,0,0,0,0,1,158,0.0,0,13.5,77.5,90201600.0,0,1,0,1,0,1,0,1,1,0,1262033.4367899578,52248177771.89781
1441,S134189,1,0,1,1,1,0,0,0,1,1,0,1,1,0,0,0,0,0,1,157,0.0,0,13.5,77.5,82947600.0,0,1,0,1,0,1,0,1,1,0,1262033.4367899578,52248177771.89781
1442,S134275,1,0,1,1,1,0,0,0,1,1,0,1,1,0,0,0,0,0,1,158,0.0,0,13.5,77.5,89337600.0,0,1,0,1,0,1,0,1,1,0,1262033.4367899578,52248177771.89781
1445,S134339,1,0,1,1,1,0,0,0,1,1,0,1,1,0,0,0,0,0,1,146,0.0,6,13.5,299.5,87264000.0,0,1,0,1,0,1,0,1,1,0,1262033.4367899578,52248177771.89781
1447,S134714,1,0,1,1,1,0,0,0,1,1,0,1,1,0,0,0,0,0,1,158,0.0,0,13.5,77.5,87782400.0,0,1,0,1,0,1,0,1,1,0,1262033.4367899578,52248177771.89781
1450,S135067,1,0,1,1,1,0,0,0,1,1,0,1,1,0,0,0,0,0,1,158,0.0,0,13.5,155.5,86058000.0,0,1,0,1,0,1,0,1,1,0,1262033.4367899578,52248177771.89781
1456,S135396,1,0,1,1,1,0,0,0,1,1,0,1,1,0,0,0,0,0,1,146,0.0,2,13.5,77.5,80010000.0,0,1,0,1,0,1,0,1,1,0,1262033.4367899578,52248177771.89781
1457,S135398,1,0,1,1,1,0,0,0,1,1,0,1,1,0,0,0,0,0,1,7,0.0,0,13.5,77.5,79664400.0,0,1,0,1,0,1,0,1,1,0,1262033.4367899578,52248177771.89781
1459,S135568,1,0,1,1,1,0,0,0,1,1,0,1,1,0,0,0,0,0,1,7,0.0,0,13.5,77.5,86144400.0,0,1,0,1,0,1,0,1,1,0,1262033.4367899578,52248177771.89781
1461,S135580,1,0,1,1,1,0,0,0,1,1,0,1,1,0,0,0,0,0,1,7,0.0,0,13.5,77.5,86058000.0,0,1,0,1,0,1,0,1,1,0,1262033.4367899578,52248177771.89781
1464,S135893,1,0,1,1,1,0,0,0,1,1,0,1,1,0,0,0,0,0,1,181,0.0,0,13.5,46.0,81738000.0,0,1,0,1,0,1,0,1,1,0,1262033.4367899578,52248177771.89781
1467,S136095,1,0,1,1,1,0,0,0,1,1,0,1,1,0,0,0,0,0,1,158,0.0,0,13.5,155.5,81565200.0,0,1,0,1,0,1,0,1,1,0,1262033.4367899578,52248177771.89781
1468,S136220,1,0,1,1,1,0,0,0,1,1,0,1,0,0,1,0,0,0,1,7,0.0,0,13.5,77.5,81478800.0,0,1,0,1,0,1,0,1,1,0,1262033.4367899578,52248177771.89781
1469,S136244,1,0,1,1,1,0,0,0,1,1,0,1,1,0,0,0,0,0,1,7,0.0,0,13.5,77.5,78714000.0,0,1,0,1,0,1,0,1,1,0,1262033.4367899578,52248177771.89781
1471,S136861,1,0,1,1,1,0,0,0,1,1,0,1,1,0,0,0,0,0,1,157,0.0,0,13.5,77.5,82947600.0,0,1,0,1,0,1,0,1,1,0,1262033.4367899578,52248177771.89781
1472,S137267,1,0,1,1,1,0,0,0,1,1,0,1,1,0,0,1,0,0,1,7,0.0,0,13.5,77.5,40003200.0,0,1,0,1,0,1,0,1,1,0,1262033.4367899578,52248177771.89781
1477,S137802,1,0,1,1,1,0,0,0,1,1,0,1,1,0,0,0,0,0,1,157,0.0,0,13.5,77.5,80614800.0,0,1,0,1,0,1,0,1,1,0,1262033.4367899578,52248177771.89781
1479,S137903,1,0,1,1,1,0,0,0,1,1,0,1,1,0,0,0,0,0,1,7,0.0,0,13.5,77.5,80614800.0,0,1,0,1,0,1,0,1,1,0,1262033.4367899578,52248177771.89781
1481,S138033,1,0,1,1,1,0,0,0,1,1,0,1,0,0,1,0,0,0,1,158,0.0,0,13.5,77.5,79491600.0,0,1,0,1,0,1,0,1,1,0,1262033.4367899578,52248177771.89781
1486,S138438,1,0,1,1,1,0,0,0,1,1,0,1,1,0,0,0,0,0,1,157,0.0,0,13.5,77.5,78541200.0,0,1,0,1,0,1,0,1,1,0,1262033.4367899578,52248177771.89781
1487,S139090,1,0,1,1,1,0,0,0,1,1,0,1,1,0,0,0,0,0,1,7,0.0,0,13.5,77.5,78022800.0,0,1,0,1,0,1,0,1,1,0,1262033.4367899578,52248177771.89781
1497,S139869,1,0,1,1,1,0,0,0,1,1,0,1,1,0,0,1,0,0,1,7,0.0,0,13.5,77.5,35942400.0,0,1,0,1,0,1,0,1,1,0,1262033.4367899578,52248177771.89781
1499,S139951,1,0,1,1,1,0,0,0,1,1,0,1,1,0,0,0,0,0,1,7,0.0,0,13.5,77.5,78195600.0,0,1,0,1,0,1,0,1,1,0,1262033.4367899578,52248177771.89781
1507,S140253,1,0,1,1,1,0,0,0,1,1,0,1,1,0,0,0,0,0,1,157,0.0,0,13.5,77.5,78195600.0,0,1,0,1,0,1,0,1,1,0,1262033.4367899578,52248177771.89781
1515,S141027,1,0,1,1,1,0,0,0,1,1,0,1,1,0,0,0,0,0,1,158,0.0,0,13.5,155.5,77158800.0,0,1,0,1,0,1,0,1,1,0,1262033.4367899578,52248177771.89781
1516,S141142,1,0,1,1,1,0,0,0,1,1,0,1,1,0,0,0,0,0,1,7,0.0,0,13.5,77.5,75690000.0,0,1,0,1,0,1,0,1,1,0,1262033.4367899578,52248177771.89781
1518,S141313,1,0,1,1,1,0,0,0,1,1,0,1,0,1,0,0,0,0,1,7,0.0,0,13.5,77.5,75258000.0,0,1,0,1,0,1,0,1,1,0,1262033.4367899578,52248177771.89781
1532,S142901,1,0,1,1,1,0,0,0,1,1,0,1,1,0,0,0,0,0,1,158,0.0,0,13.5,77.5,75171600.0,0,1,0,1,0,1,0,1,1,0,1262033.4367899578,52248177771.89781
1533,S142997,1,0,1,1,1,0,0,0,1,1,0,1,1,0,0,0,0,0,1,158,0.0,0,13.5,155.5,66441600.0,0,1,0,1,0,1,0,1,1,0,1262033.4367899578,52248177771.89781
1562,S145386,1,0,1,1,1,0,0,0,1,1,0,1,1,0,0,0,0,0,1,158,0.0,2,13.5,155.5,68432400.0,0,1,0,1,0,1,0,1,1,0,1262033.4367899578,52248177771.89781
1567,S145649,1,0,1,1,1,0,0,0,1,1,0,1,1,0,0,0,0,0,1,157,0.0,0,13.5,77.5,68605200.0,0,1,0,1,0,1,0,1,1,0,1262033.4367899578,52248177771.89781
1574,S146223,1,0,1,1,1,0,0,0,1,1,0,1,1,0,0,0,0,0,1,158,0.0,2,13.5,155.5,67392000.0,0,1,0,1,0,1,0,1,1,0,1262033.4367899578,52248177771.89781
1577,S146366,1,0,1,1,1,0,0,0,1,1,0,1,1,0,0,1,0,0,1,157,0.0,0,19.1,77.5,33609600.0,0,1,0,1,0,1,0,1,1,0,1262033.4367899578,52248177771.89781
1578,S146387,1,0,1,1,1,0,0,0,1,1,0,1,1,0,0,0,0,0,1,158,0.0,0,13.5,155.5,64886400.0,0,1,0,1,0,1,0,1,1,0,1262033.4367899578,52248177771.89781
1580,S146479,1,0,1,1,1,0,0,0,1,1,0,1,1,0,0,0,0,0,1,158,0.0,2,13.5,155.5,64972800.0,0,1,0,1,0,1,0,1,1,0,1262033.4367899578,52248177771.89781
1582,S146871,1,0,1,1,1,0,0,0,1,1,0,1,1,0,0,0,0,0,1,158,0.0,2,13.5,155.5,65059200.0,0,1,0,1,0,1,0,1,1,0,1262033.4367899578,52248177771.89781
1593,S148171,1,0,1,1,1,0,0,0,1,1,0,1,1,0,0,0,0,0,1,158,0.0,0,13.5,155.5,58924800.0,0,1,0,1,0,1,0,1,1,0,1262033.4367899578,52248177771.89781
1596,S148494,1,0,1,1,1,0,0,0,1,1,0,1,1,0,0,0,0,0,1,158,0.0,0,13.5,77.5,57715200.0,0,1,0,1,0,1,0,1,1,0,1262033.4367899578,52248177771.89781
1603,S149545,1,0,1,1,1,0,0,0,1,1,0,1,1,0,0,0,0,0,1,158,0.0,0,13.5,155.5,54954000.0,0,1,0,1,0,1,0,1,1,0,1262033.4367899578,52248177771.89781
1610,S150207,1,0,1,1,1,0,0,0,1,1,0,1,1,0,0,0,0,0,1,7,0.0,0,13.5,77.5,54262800.0,0,1,0,1,0,1,0,1,1,0,1262033.4367899578,52248177771.89781
1614,S150673,1,0,1,1,1,0,0,0,1,1,0,1,1,0,0,0,0,0,1,158,0.0,0,13.5,77.5,52880400.0,0,1,0,1,0,1,0,1,1,0,1262033.4367899578,52248177771.89781
1616,S150931,1,0,1,1,1,0,0,0,1,1,0,1,1,0,0,0,0,0,1,158,0.0,0,13.5,77.5,51152400.0,0,1,0,1,0,1,0,1,1,0,1262033.4367899578,52248177771.89781
1630,S152574,1,0,1,1,1,0,0,0,1,1,0,1,1,0,0,0,0,0,1,157,0.0,0,13.5,77.5,49078800.0,0,1,0,1,0,1,0,1,1,0,1262033.4367899578,52248177771.89781
1631,S152785,1,0,1,1,1,0,0,0,1,1,0,1,1,0,0,0,0,0,1,7,0.0,0,13.5,77.5,48128400.0,0,1,0,1,0,1,0,1,1,0,1262033.4367899578,52248177771.89781
1634,S153024,1,0,1,1,1,0,0,0,1,1,0,1,1,0,0,0,0,0,1,7,0.0,0,13.5,77.5,47869200.0,0,1,0,1,0,1,0,1,1,0,1262033.4367899578,52248177771.89781
1640,S154356,1,0,1,1,1,0,0,0,1,1,0,1,1,0,0,0,0,0,1,158,0.0,0,13.5,155.5,47437200.0,0,1,0,1,0,1,0,1,1,0,1262033.4367899578,52248177771.89781
1643,S154927,1,0,1,1,1,0,0,0,1,1,0,1,1,0,0,0,0,0,1,158,0.0,0,13.5,155.5,46314000.0,0,1,0,1,0,1,0,1,1,0,1262033.4367899578,52248177771.89781
1665,S158710,1,0,1,1,1,0,0,0,1,1,0,1,1,0,0,0,0,0,1,158,0.0,2,13.5,155.5,43290000.0,0,1,0,1,0,1,0,1,1,0,1262033.4367899578,52248177771.89781
1671,S159112,1,0,1,1,1,0,0,0,1,1,0,1,1,0,0,0,0,0,1,158,0.0,0,13.5,155.5,39661200.0,0,1,0,1,0,1,0,1,1,0,1262033.4367899578,52248177771.89781
1678,S159355,1,0,1,1,1,0,0,0,1,1,0,1,1,0,0,0,0,0,1,7,0.0,0,13.5,77.5,41302800.0,0,1,0,1,0,1,0,1,1,0,1262033.4367899578,52248177771.89781
1770,S167822,1,0,1,1,1,0,0,0,1,1,0,1,1,0,0,1,0,0,1,7,0.0,0,15.0,47.0,38275200.0,0,1,0,1,0,1,0,1,1,0,1262033.4367899578,52248177771.89781
2082,S38092,1,0,1,1,1,0,0,0,1,1,0,1,1,0,0,0,0,0,1,143,0.0,0,6.46,250.38,374889600.0,0,1,0,1,0,1,0,1,1,0,1262033.4367899578,52248177771.89781
2087,S44041,1,0,1,1,1,0,0,0,1,1,0,1,1,0,0,0,0,0,1,7,0.0,0,11.0,71.5,171075600.0,0,1,0,1,0,1,0,1,1,0,1262033.4367899578,52248177771.89781
2121,S59378,1,0,1,1,1,0,0,0,1,1,0,1,1,0,0,0,0,0,1,158,0.0,0,11.88,125.19,353466000.0,0,1,0,1,0,1,0,1,1,0,1262033.4367899578,52248177771.89781
2130,S61415,1,0,1,1,1,0,0,0,1,1,0,1,0,1,0,0,0,0,1,43,0.0,0,6.71,131.2,34300800.0,0,1,0,1,0,1,0,1,1,0,1262033.4367899578,52248177771.89781
2143,S64298,1,0,1,1,1,0,0,0,1,1,0,1,1,0,0,0,0,0,1,158,0.0,0,6.71,131.2,329878800.0,0,1,0,1,0,1,0,1,1,0,1262033.4367899578,52248177771.89781
2194,S81939,1,0,1,1,1,0,0,0,1,1,0,1,1,0,0,0,0,0,1,7,0.0,0,11.0,68.77,233715600.0,0,1,0,1,0,1,0,1,1,0,1262033.4367899578,52248177771.89781
2226,S90376,1,0,1,1,1,0,0,0,1,1,0,1,1,0,0,0,0,0,1,158,0.0,0,11.0,68.77,255571200.0,0,1,0,1,0,1,0,1,1,0,1262033.4367899578,52248177771.89781
2245,S94109,1,0,1,1,1,0,0,0,1,1,0,1,1,0,0,0,0,0,1,7,0.0,0,11.0,68.77,236048400.0,0,1,0,1,0,1,0,1,1,0,1262033.4367899578,52248177771.89781
2249,S94616,1,0,1,1,1,0,0,0,1,1,0,1,1,0,0,0,0,0,1,7,0.0,0,16.6,68.77,236307600.0,0,1,0,1,0,1,0,1,1,0,1262033.4367899578,52248177771.89781
2257,S95428,1,0,1,1,1,0,0,0,1,1,0,1,1,0,0,0,0,0,1,158,0.0,0,11.0,68.77,234061200.0,0,1,0,1,0,1,0,1,1,0,1262033.4367899578,52248177771.89781
2279,S98715,1,0,1,1,1,0,0,0,1,1,0,1,1,0,0,0,0,0,1,158,0.0,0,11.0,68.77,232419600.0,0,1,0,1,0,1,0,1,1,0,1262033.4367899578,52248177771.89781
2281,S98845,1,0,1,1,1,0,0,0,1,1,0,1,1,0,0,0,0,0,1,7,0.0,0,11.0,68.77,231642000.0,0,1,0,1,0,1,0,1,1,0,1262033.4367899578,52248177771.89781
2283,S99281,1,0,1,1,1,0,0,0,1,1,0,1,1,0,0,0,0,0,1,157,0.0,0,11.0,68.77,225766800.0,0,1,0,1,0,1,0,1,1,0,1262033.4367899578,52248177771.89781
2287,V10503,1,0,1,1,1,0,0,0,1,1,0,1,1,0,0,0,0,0,1,142,0.0,0,10.0,262.0,291344400.0,0,1,0,1,0,1,0,1,1,0,1262033.4367899578,52248177771.89781
2289,V10641,1,0,1,1,1,0,0,0,1,1,0,1,1,0,0,0,0,0,1,142,0.0,0,10.0,262.0,290048400.0,0,1,0,1,0,1,0,1,1,0,1262033.4367899578,52248177771.89781
2315,V12268,1,0,1,1,1,0,0,0,1,1,0,1,1,0,0,1,0,0,1,142,0.0,0,10.0,275.1,33782400.0,0,1,0,1,0,1,0,1,1,0,1262033.4367899578,52248177771.89781
2331,V14807,1,0,1,1,1,0,0,0,1,1,0,1,1,0,0,0,0,0,1,142,0.0,2,16.6,275.1,229568400.0,0,1,0,1,0,1,0,1,1,0,1262033.4367899578,52248177771.89781
2332,V15269,1,0,1,1,1,0,0,0,1,1,0,1,1,0,0,0,0,0,1,142,0.0,2,11.0,286.5,197341200.0,0,1,0,1,0,1,0,1,1,0,1262033.4367899578,52248177771.89781
2334,V15417,1,0,1,1,1,0,0,0,1,1,0,1,1,0,0,0,0,0,1,142,0.0,2,14.25,286.5,193104000.0,0,1,0,1,0,1,0,1,1,0,1262033.4367899578,52248177771.89781
2340,V15527,1,0,1,1,1,0,0,0,1,1,0,1,1,0,0,0,0,0,1,142,0.0,2,11.0,286.5,188179200.0,0,1,0,1,0,1,0,1,1,0,1262033.4367899578,52248177771.89781
2343,V15617,1,0,1,1,1,0,0,0,1,1,0,1,1,0,0,0,0,0,1,142,0.0,2,11.0,286.5,185932800.0,0,1,0,1,0,1,0,1,1,0,1262033.4367899578,52248177771.89781
2344,V15623,1,0,1,1,1,0,0,0,1,1,0,1,1,0,0,0,0,0,1,142,0.0,2,11.0,286.5,185241600.0,0,1,0,1,0,1,0,1,1,0,1262033.4367899578,52248177771.89781
2349,V15735,1,0,1,1,1,0,0,0,1,1,0,1,1,0,0,0,0,0,1,142,0.0,2,11.0,286.5,177555600.0,0,1,0,1,0,1,0,1,1,0,1262033.4367899578,52248177771.89781
2350,V15850,1,0,1,1,1,0,0,0,1,1,0,1,1,0,0,0,0,0,1,142,0.0,2,11.0,286.5,175222800.0,0,1,0,1,0,1,0,1,1,0,1262033.4367899578,52248177771.89781
2353,V15912,1,0,1,1,1,0,0,0,1,1,0,1,1,0,0,0,0,0,1,142,0.0,0,11.0,71.5,173322000.0,0,1,0,1,0,1,0,1,1,0,1262033.4367899578,52248177771.89781
2367,V16717,1,0,1,1,1,0,0,0,1,1,0,1,1,0,0,0,0,0,1,142,0.0,5,13.0,297.0,137898000.0,0,1,0,1,0,1,0,1,1,0,1262033.4367899578,52248177771.89781
2368,V16837,1,0,1,1,1,0,0,0,1,1,0,1,1,0,0,0,0,0,1,142,0.0,5,13.0,297.0,134442000.0,0,1,0,1,0,1,0,1,1,0,1262033.4367899578,52248177771.89781
2371,V16926,1,0,1,1,1,0,0,0,1,1,0,1,0,0,1,0,0,0,1,142,0.0,5,13.0,297.0,123638400.0,0,1,0,1,0,1,0,1,1,0,1262033.4367899578,52248177771.89781
2373,V17061,1,0,1,1,1,0,0,0,1,1,0,1,0,0,1,1,0,0,1,142,0.0,5,13.0,297.0,46479600.0,0,1,0,1,0,1,0,1,1,0,1262033.4367899578,52248177771.89781
2375,V17077,1,0,1,1,1,0,0,0,1,1,0,1,1,0,0,0,0,0,1,142,0.0,5,13.0,297.0,121305600.0,0,1,0,1,0,1,0,1,1,0,1262033.4367899578,52248177771.89781
2378,V17139,1,0,1,1,1,0,0,0,1,1,0,1,1,0,0,0,0,0,1,142,0.0,5,13.0,297.0,119491200.0,0,1,0,1,0,1,0,1,1,0,1262033.4367899578,52248177771.89781
2379,V17149,1,0,1,1,1,0,0,0,1,1,0,1,1,0,0,0,0,0,1,142,0.0,5,13.0,297.0,119404800.0,0,1,0,1,0,1,0,1,1,0,1262033.4367899578,52248177771.89781
2382,V17318,1,0,1,1,1,0,0,0,1,1,0,1,1,0,0,0,0,0,1,142,0.0,5,13.0,297.0,112928400.0,0,1,0,1,0,1,0,1,1,0,1262033.4367899578,52248177771.89781
2383,V17324,1,0,1,1,1,0,0,0,1,1,0,1,1,0,0,0,0,0,1,142,0.0,5,13.0,297.0,112928400.0,0,1,0,1,0,1,0,1,1,0,1262033.4367899578,52248177771.89781
2384,V17337,1,0,1,1,1,0,0,0,1,1,0,1,1,0,0,0,0,0,1,142,0.0,5,13.0,297.0,112842000.0,0,1,0,1,0,1,0,1,1,0,1262033.4367899578,52248177771.89781
2386,V17430,1,0,1,1,1,0,0,0,1,1,0,1,1,0,0,0,0,0,1,142,0.0,5,13.0,297.0,111373200.0,0,1,0,1,0,1,0,1,1,0,1262033.4367899578,52248177771.89781
2387,V17485,1,0,1,1,1,0,0,0,1,1,0,1,1,0,0,0,0,0,1,142,0.0,5,13.5,297.0,105670800.0,0,1,0,1,0,1,0,1,1,0,1262033.4367899578,52248177771.89781
2388,V17682,1,0,1,1,1,0,0,0,1,1,0,1,1,0,0,0,0,0,1,142,0.0,5,13.5,297.0,103251600.0,0,1,0,1,0,1,0,1,1,0,1262033.4367899578,52248177771.89781
2389,V17738,1,0,1,1,1,0,0,0,1,1,0,1,1,0,0,0,0,0,1,142,0.0,5,13.5,297.0,102733200.0,0,1,0,1,0,1,0,1,1,0,1262033.4367899578,52248177771.89781
2398,V18076,1,0,1,1,1,0,0,0,1,1,0,1,1,0,0,0,0,0,1,142,0.0,10,13.5,742.5,97459200.0,0,1,0,1,0,1,0,1,1,0,1262033.4367899578,52248177771.89781
2401,V18221,1,0,1,1,1,0,0,0,1,1,0,1,1,0,0,0,0,0,1,142,0.0,5,13.5,312.0,92620800.0,0,1,0,1,0,1,0,1,1,0,1262033.4367899578,52248177771.89781
2404,V18371,1,0,1,1,1,0,0,0,1,1,0,1,1,0,0,0,0,0,1,142,0.0,5,13.5,312.0,86745600.0,0,1,0,1,0,1,0,1,1,0,1262033.4367899578,52248177771.89781
2405,V18396,1,0,1,1,1,0,0,0,1,1,0,1,1,0,0,0,0,0,1,142,0.0,5,13.5,312.0,86144400.0,0,1,0,1,0,1,0,1,1,0,1262033.4367899578,52248177771.89781
2406,V18499,1,0,1,1,1,0,0,0,1,1,0,1,1,0,0,0,0,0,1,142,0.0,5,13.5,312.0,81824400.0,0,1,0,1,0,1,0,1,1,0,1262033.4367899578,52248177771.89781
2412,V18895,1,0,1,1,1,0,0,0,1,1,0,1,1,0,0,0,0,0,1,142,0.0,5,13.5,312.0,57369600.0,0,1,0,1,0,1,0,1,1,0,1262033.4367899578,52248177771.89781
2427,V3904,1,0,1,1,1,0,0,0,1,1,0,1,1,0,0,0,0,0,1,142,0.0,0,6.46,62.59,377740800.0,0,1,0,1,0,1,0,1,1,0,1262033.4367899578,52248177771.89781
2431,V4358,1,0,1,1,1,0,0,0,1,1,0,1,1,0,0,0,0,0,1,142,0.0,0,6.46,250.38,373248000.0,0,1,0,1,0,1,0,1,1,0,1262033.4367899578,52248177771.89781
2438,V5285,1,0,1,1,1,0,0,0,1,1,0,1,1,0,0,0,0,0,1,142,0.0,0,6.46,625.95,363920400.0,0,1,0,1,0,1,0,1,1,0,1262033.4367899578,52248177771.89781
2446,V5624,1,0,1,1,1,0,0,0,1,1,0,1,1,0,0,0,0,0,1,142,0.0,0,6.46,250.38,363056400.0,0,1,0,1,0,1,0,1,1,0,1262033.4367899578,52248177771.89781
2450,V6005,1,0,1,1,1,0,0,0,1,1,0,1,1,0,0,0,0,0,1,142,0.0,0,11.62,250.38,360810000.0,0,1,0,1,0,1,0,1,1,0,1262033.4367899578,52248177771.89781
2459,V6555,1,0,1,1,1,0,0,0,1,1,0,1,1,0,0,0,0,0,1,142,0.0,0,6.71,625.95,357699600.0,0,1,0,1,0,1,0,1,1,0,1262033.4367899578,52248177771.89781
2461,V6689,1,0,1,1,1,0,0,0,1,1,0,1,1,0,0,0,0,0,1,142,0.0,0,6.71,250.38,356058000.0,0,1,0,1,0,1,0,1,1,0,1262033.4367899578,52248177771.89781
2507,A17210,1,0,1,1,1,1,1,1,1,1,0,1,1,0,0,0,0,0,1,157,98.0,0,26.0,74.0,41043600.0,0,1,1,1,1,1,1,1,1,0,1262033.4367899578,52248177771.89781
2509,S153098,1,0,1,1,1,1,1,1,1,1,0,1,1,0,0,0,0,0,1,7,102.0,0,26.0,77.5,33609600.0,0,1,1,1,1,1,1,1,1,0,1262033.4367899578,52248177771.89781
2512,A17158,1,1,1,1,1,0,0,0,1,1,0,1,1,0,0,0,0,0,1,157,0.0,0,13.0,74.0,138934800.0,0,1,0,1,0,1,0,1,1,1,1262033.4367899578,52248177771.89781
2513,S62891,1,1,1,1,1,0,0,0,1,1,0,1,1,0,0,0,0,0,1,158,0.0,0,6.71,65.6,331866000.0,0,1,0,1,0,1,0,1,1,1,1262033.4367899578,52248177771.89781
2514,A30270,1,0,1,1,1,0,1,0,0,1,0,1,1,0,0,0,0,0,1,157,87.5,0,13.5,74.0,52016400.0,0,1,0,1,0,1,0,1,1,0,1262033.4367899578,52248177771.89781
2516,S56940,1,0,1,1,1,0,1,0,0,1,0,1,1,0,0,0,0,0,1,7,69.05,0,6.46,62.59,56073600.0,0,1,0,1,0,1,0,1,1,0,1262033.4367899578,52248177771.89781
2519,V5714,1,0,1,1,1,0,1,0,0,1,0,1,1,0,0,0,0,0,1,142,69.05,0,6.46,62.59,52016400.0,0,1,0,1,0,1,0,1,1,0,1262033.4367899578,52248177771.89781
2520,V7629,1,0,1,1,1,0,1,0,0,1,0,1,1,0,0,0,0,0,1,142,137.91,0,6.71,262.4,35510400.0,0,1,0,1,0,1,0,1,1,0,1262033.4367899578,52248177771.89781
2527,N102853,1,0,1,1,1,0,0,1,1,1,0,1,1,0,0,0,0,0,1,157,0.0,0,22.0,71.5,34560000.0,0,1,0,1,1,1,0,1,1,0,1262033.4367899578,52248177771.89781
2545,N101006,1,0,1,1,1,0,0,1,1,1,0,1,1,0,0,0,0,0,1,157,0.0,0,22.0,71.5,173149200.0,0,1,0,1,0,1,1,1,1,0,1262033.4367899578,52248177771.89781
2547,S112310,1,0,1,1,1,0,0,1,1,1,0,1,1,0,0,0,0,0,1,158,0.0,2,22.0,143.0,173062800.0,0,1,0,1,0,1,1,1,1,0,1262033.4367899578,52248177771.89781
2548,S116185,1,0,1,1,1,0,0,1,1,1,0,1,1,0,0,0,0,0,1,158,0.0,0,22.0,71.5,166842000.0,0,1,0,1,0,1,1,1,1,0,1262033.4367899578,52248177771.89781
2550,V4779,1,0,1,1,1,0,0,1,1,1,0,1,1,0,0,0,0,0,1,142,0.0,0,12.91,250.38,36892800.0,0,1,0,1,0,1,1,1,1,0,1262033.4367899578,52248177771.89781
2556,S77503,1,0,1,1,1,0,1,0,1,1,0,1,1,0,0,0,0,0,1,157,75.5,0,10.0,65.5,35942400.0,1,1,0,1,1,1,0,1,1,0,1262033.4367899578,52248177771.89781
2557,V8231,1,0,1,1,1,0,1,0,1,1,0,1,1,0,0,0,0,0,1,142,274.27,0,11.87,262.4,37414800.0,1,1,0,1,1,1,0,1,1,0,1262033.4367899578,52248177771.89781
2558,V8782,1,0,1,1,1,0,1,0,1,1,0,1,1,0,0,0,0,0,1,142,272.0,0,10.0,262.0,31881600.0,1,1,0,1,1,1,0,1,1,0,1262033.4367899578,52248177771.89781
2559,V9229,1,0,1,1,1,0,1,0,1,1,0,1,1,0,0,0,0,0,1,142,272.0,0,10.0,262.0,37238400.0,1,1,0,1,1,1,0,1,1,0,1262033.4367899578,52248177771.89781
2560,N41357,1,1,1,1,1,0,1,0,1,1,0,1,1,0,0,0,0,0,1,157,32.0,0,10.0,65.5,32310000.0,0,1,0,1,1,1,0,1,1,1,1262033.4367899578,52248177771.89781
2568,N96613,1,0,1,1,1,0,1,0,1,1,0,1,1,0,0,0,0,0,1,157,92.0,0,11.0,71.5,37497600.0,0,1,0,1,1,1,0,1,1,0,1262033.4367899578,52248177771.89781
2572,S93069,1,0,1,1,1,0,1,0,1,1,0,1,0,1,0,0,0,0,1,180,699.27,0,11.0,688.27,75862800.0,0,1,0,1,1,1,0,1,1,0,1262033.4367899578,52248177771.89781
2578,V10119,1,0,1,1,1,0,1,0,1,1,0,1,1,0,0,0,0,0,1,142,337.0,0,10.0,655.5,48556800.0,0,1,0,1,1,1,0,1,1,0,1262033.4367899578,52248177771.89781
2581,V7155,1,0,1,1,1,0,1,0,1,1,0,1,1,0,0,0,0,0,1,142,274.28,0,11.88,262.4,69897600.0,0,1,0,1,1,1,0,1,1,0,1262033.4367899578,52248177771.89781
2582,V8077,1,0,1,1,1,0,1,0,1,1,0,1,1,0,0,0,0,0,1,142,72.31,0,6.71,65.6,44154000.0,0,1,0,1,1,1,0,1,1,0,1262033.4367899578,52248177771.89781
2583,V8248,1,0,1,1,1,0,1,0,1,1,0,1,1,0,0,0,0,0,1,142,282.54,0,6.71,262.4,34650000.0,0,1,0,1,1,1,0,1,1,0,1262033.4367899578,52248177771.89781
2584,V8282,1,0,1,1,1,0,1,0,1,1,0,1,1,0,0,0,0,0,1,142,137.91,0,6.71,262.4,33264000.0,0,1,0,1,1,1,0,1,1,0,1262033.4367899578,52248177771.89781
2585,V8304,1,0,1,1,1,0,1,0,1,1,0,1,1,0,0,0,0,0,1,142,137.91,0,6.71,262.4,45795600.0,0,1,0,1,1,1,0,1,1,0,1262033.4367899578,52248177771.89781
2586,V8435,1,0,1,1,1,0,1,0,1,1,0,1,1,0,0,0,0,0,1,142,137.91,0,6.71,262.4,44586000.0,0,1,0,1,1,1,0,1,1,0,1262033.4367899578,52248177771.89781
2587,V8506,1,0,1,1,1,0,1,0,1,1,0,1,1,0,0,0,0,0,1,142,137.91,0,6.71,262.4,49420800.0,0,1,0,1,1,1,0,1,1,0,1262033.4367899578,52248177771.89781
2588,V8568,1,0,1,1,1,0,1,0,1,1,0,1,1,0,0,0,0,0,1,142,269.11,0,6.71,262.4,47689200.0,0,1,0,1,1,1,0,1,1,0,1262033.4367899578,52248177771.89781
2589,V9199,1,0,1,1,1,0,1,0,1,1,0,1,1,0,0,0,0,0,1,142,141.0,0,10.0,262.0,33177600.0,0,1,0,1,1,1,0,1,1,0,1262033.4367899578,52248177771.89781
2590,V9219,1,0,1,1,1,0,1,0,1,1,0,1,1,0,0,0,0,0,1,142,141.0,0,10.0,262.0,34560000.0,0,1,0,1,1,1,0,1,1,0,1262033.4367899578,52248177771.89781
2591,S113200,1,0,1,1,1,0,1,0,1,1,0,1,1,0,0,0,0,0,1,157,82.5,0,11.0,71.5,31795200.0,1,1,0,1,1,1,0,1,1,0,1262033.4367899578,52248177771.89781
2596,S60542,1,0,1,1,1,0,1,1,1,1,0,1,1,0,0,0,0,0,1,158,144.63,0,13.43,131.2,45104400.0,1,1,0,1,1,1,1,1,1,0,1262033.4367899578,52248177771.89781
2600,V16549,1,1,1,1,1,0,0,1,1,1,0,1,1,0,0,0,0,0,1,142,0.0,2,22.0,286.5,158803200.0,0,1,0,1,0,1,1,1,1,1,1262033.4367899578,52248177771.89781
2601,V7190,1,0,1,1,1,0,1,0,0,1,0,1,1,0,0,0,0,0,1,142,274.28,0,11.88,262.4,40867200.0,1,1,0,1,0,1,0,1,1,0,1262033.4367899578,52248177771.89781
2604,V7999,1,0,1,1,1,0,1,1,1,1,0,1,1,0,0,0,0,0,1,142,282.54,0,13.43,262.4,33177600.0,0,1,0,1,1,1,1,1,1,0,1262033.4367899578,52248177771.89781
